ProductID,ProductName,Date-Month-Year,Country, EmployeeSalary , ManagerSalary , JanitorSalary , ChefSalary , GuardSalary , BartenderSalary , ShipperSalary ,EmployeeCount,ManagerCount,ChefCount,BartenderCount,JanitorCount,GuardCount,ShipperCount,Sales,MarketedProductQuantity,SoldQuantity,RemainingQuantity, Q1Revenue2024 , Q2Revenue2024 , Q3Revenue2024 , Q4Revenue2024 , Revenue2021 , Revenue2022 , Revenue2023 , Revenue2024 ,GrowthRate2021,GrowthRate2022,GrowthRate2023,GrowthRate2024,CustomerFeedback,CustomerEmail,CustomerName,AddressName
1,Roboomy,22 February 2021,Vietnam," $5,000 "," $7,000 "," $2,000 "," $4,500 "," $2,500 "," $3,500 "," $3,000 ",50,5,3,4,6,5,10,7%,500,450,50," $30,000 "," $32,000 "," $31,000 "," $35,000 "," $120,000 "," $130,000 "," $125,000 "," $140,000 ",5.5,6.2,7,8.1,Good quality,customer1@example.com,Customer 1,123 Main St
2,Flora,31 November 2020,USA," $6,000 "," $8,000 "," $2,500 "," $5,000 "," $3,000 "," $4,000 "," $3,500 ",60,8,5,6,7,6,12,54%,700,600,100," $33,000 "," $35,000 "," $34,000 "," $37,000 "," $125,000 "," $135,000 "," $130,000 "," $145,000 ",6,6.8,7.5,8.5,Amazing fragrance,customer2@example.com,Customer 2,456 Market St
3,Zaskia,29 September 2020,Canada," $5,200 "," $7,500 "," $2,100 "," $4,700 "," $2,600 "," $3,600 "," $3,100 ",52,6,4,5,7,5,11,35%,550,500,50," $30,500 "," $33,000 "," $31,500 "," $34,000 "," $121,000 "," $129,000 "," $126,000 "," $135,000 ",5.6,6.5,7.1,8,Excellent longevity,customer3@example.com,Customer 3,789 Maple Ave
4,Vallya,23 September 2021,UK," $5,400 "," $7,700 "," $2,200 "," $4,800 "," $2,700 "," $3,700 "," $3,200 ",55,7,4,6,8,5,10,4%,600,550,50," $31,000 "," $33,500 "," $32,000 "," $34,500 "," $123,000 "," $132,000 "," $127,000 "," $137,000 ",6.1,6.9,7.2,8.3,Nice packaging,customer4@example.com,Customer 4,101 Birch Rd
5,Taskip,25 January 2022,Australia," $5,500 "," $7,800 "," $2,300 "," $4,900 "," $2,800 "," $3,800 "," $3,300 ",57,9,5,6,7,6,13,29%,650,600,50," $32,000 "," $34,000 "," $33,000 "," $35,500 "," $124,000 "," $134,000 "," $129,000 "," $139,000 ",6.3,7.1,7.6,8.7,Unique scent,customer5@example.com,Customer 5,202 Oak Ln
6,Armeny,19 January 2022,France," $5,300 "," $7,600 "," $2,400 "," $4,500 "," $2,500 "," $3,650 "," $3,150 ",58,10,6,6,8,7,12,72%,700,650,50," $33,000 "," $35,000 "," $33,500 "," $36,500 "," $126,000 "," $136,000 "," $131,000 "," $141,000 ",6.5,7.2,7.8,8.8,Lasting freshness,customer6@example.com,Customer 6,303 Pine St
7,Blasy,28 November 2021,Germany," $5,600 "," $7,900 "," $2,200 "," $5,000 "," $2,900 "," $3,900 "," $3,400 ",60,8,4,7,7,6,14,94%,550,520,30," $33,500 "," $34,500 "," $33,500 "," $37,000 "," $130,000 "," $140,000 "," $133,000 "," $144,000 ",5.9,6.6,7.3,8.6,Great for daily use,customer7@example.com,Customer 7,404 Cedar Dr
8,Denvo,21 September 2021,Japan," $5,700 "," $8,100 "," $2,300 "," $5,100 "," $2,950 "," $4,000 "," $3,450 ",61,8,5,6,7,6,13,93%,670,630,40," $34,500 "," $35,500 "," $34,000 "," $37,500 "," $128,000 "," $138,000 "," $134,000 "," $145,000 ",6,6.7,7.5,8.7,Luxurious aroma,customer8@example.com,Customer 8,505 Elm St
9,Urula,27 October 2024,South Korea," $5,800 "," $8,200 "," $2,350 "," $5,200 "," $3,000 "," $4,100 "," $3,500 ",63,9,5,5,6,7,14,74%,690,640,50," $35,500 "," $36,500 "," $35,000 "," $38,500 "," $131,000 "," $141,000 "," $136,000 "," $148,000 ",6.2,6.9,7.7,8.9,Perfect for gifting,customer9@example.com,Customer 9,606 Willow Ave
10,Croskio,7 August 2021,Brazil," $5,900 "," $8,300 "," $2,400 "," $5,300 "," $3,050 "," $4,200 "," $3,550 ",64,10,4,5,7,6,15,93%,710,660,50," $36,000 "," $37,000 "," $35,500 "," $39,000 "," $134,000 "," $144,000 "," $139,000 "," $150,000 ",6.4,7.1,7.9,9,Long-lasting fragrance,customer10@example.com,Customer 10,707 Poplar Blvd
11,Xulian,22 April 2024,Italy," $6,000 "," $8,500 "," $2,500 "," $5,400 "," $3,100 "," $4,300 "," $3,600 ",65,11,6,6,8,6,16,34%,730,680,50," $36,500 "," $37,500 "," $36,000 "," $40,000 "," $136,000 "," $146,000 "," $141,000 "," $152,000 ",6.5,7.2,8,9.2,Pleasant aroma,customer11@example.com,Customer 11,808 Chestnut Ln
12,Irokia,17 August 2023,China," $6,100 "," $8,600 "," $2,600 "," $5,500 "," $3,200 "," $4,400 "," $3,650 ",67,9,5,7,7,5,15,33%,750,700,50," $37,000 "," $38,000 "," $37,000 "," $41,000 "," $138,000 "," $148,000 "," $143,000 "," $155,000 ",6.7,7.3,8.2,9.3,Great for daily wear,customer12@example.com,Customer 12,909 Spruce St
13,Jorya,11 November 2021,Australia," $6,200 "," $8,700 "," $2,650 "," $5,600 "," $3,250 "," $4,500 "," $3,700 ",69,10,6,6,8,6,17,54%,770,720,50," $37,500 "," $38,500 "," $38,000 "," $42,000 "," $140,000 "," $150,000 "," $146,000 "," $158,000 ",6.9,7.5,8.4,9.5,Exquisite packaging,customer13@example.com,Customer 13,1010 Maple Ave
14,Olivra,29 September 2024,Russia," $6,300 "," $8,800 "," $2,700 "," $5,700 "," $3,300 "," $4,600 "," $3,750 ",70,11,4,5,6,7,18,40%,790,740,50," $38,000 "," $39,000 "," $38,500 "," $43,000 "," $142,000 "," $152,000 "," $148,000 "," $160,000 ",7,7.6,8.5,9.6,Soft and mild,customer14@example.com,Customer 14,1111 Birch Rd
15,Pelaroy,9 August 2024,France," $6,400 "," $8,900 "," $2,750 "," $5,800 "," $3,350 "," $4,700 "," $3,800 ",72,12,5,6,7,8,19,83%,810,760,50," $38,500 "," $39,500 "," $39,000 "," $44,000 "," $144,000 "," $154,000 "," $151,000 "," $162,000 ",7.2,7.7,8.6,9.8,Lovely scent,customer15@example.com,Customer 15,1212 Cedar Dr
16,Grozia,22 January 2023,Germany," $6,500 "," $9,000 "," $2,800 "," $5,900 "," $3,400 "," $4,800 "," $3,850 ",73,13,5,7,6,5,20,15%,830,780,50," $39,000 "," $40,000 "," $39,500 "," $45,000 "," $147,000 "," $157,000 "," $153,000 "," $165,000 ",7.3,7.8,8.8,10,Refreshing,customer16@example.com,Customer 16,1313 Oak Ln
17,Evalo,26 November 2024,India," $6,600 "," $9,200 "," $2,850 "," $6,000 "," $3,450 "," $4,900 "," $3,900 ",75,14,6,5,8,6,21,24%,850,800,50," $39,500 "," $40,500 "," $40,000 "," $46,000 "," $149,000 "," $159,000 "," $155,000 "," $168,000 ",7.5,8,9,10.2,Delicate fragrance,customer17@example.com,Customer 17,1414 Pine St
18,Hizroka,26 August 2022,Canada," $6,700 "," $9,300 "," $2,900 "," $6,100 "," $3,500 "," $4,950 "," $3,950 ",76,13,7,6,7,5,22,90%,860,810,50," $40,000 "," $41,000 "," $40,500 "," $47,000 "," $152,000 "," $162,000 "," $158,000 "," $170,000 ",7.6,8.1,9.2,10.3,Unique scent,customer18@example.com,Customer 18,1515 Walnut Ave
19,Moleru,24 December 2024,Mexico," $6,800 "," $9,400 "," $2,950 "," $6,200 "," $3,550 "," $5,000 "," $4,000 ",78,15,5,7,6,8,23,38%,880,830,50," $40,500 "," $41,500 "," $41,000 "," $48,000 "," $154,000 "," $164,000 "," $160,000 "," $172,000 ",7.8,8.2,9.3,10.5,Elegant fragrance,customer19@example.com,Customer 19,1616 Hemlock St
20,Napoli,9 July 2022,Argentina," $6,900 "," $9,500 "," $3,000 "," $6,300 "," $3,600 "," $5,100 "," $4,050 ",80,16,6,6,7,7,24,14%,900,850,50," $41,000 "," $42,000 "," $41,500 "," $49,000 "," $156,000 "," $166,000 "," $162,000 "," $175,000 ",8,8.4,9.5,10.7,Charming aroma,customer20@example.com,Customer 20,1717 Acacia Rd
21,Roboomy,26 January 2022,UK," $7,000 "," $9,600 "," $3,050 "," $6,400 "," $3,650 "," $5,200 "," $4,100 ",82,14,6,5,8,6,25,64%,920,870,50," $41,500 "," $42,500 "," $42,000 "," $50,000 "," $158,000 "," $168,000 "," $164,000 "," $178,000 ",8.2,8.5,9.7,10.9,Classic scent,customer21@example.com,Customer 21,1818 Cedar Rd
22,Flora,30 January 2023,Australia," $7,100 "," $9,700 "," $3,100 "," $6,500 "," $3,700 "," $5,300 "," $4,150 ",83,13,6,6,7,5,22,93%,940,890,50," $42,000 "," $43,000 "," $42,500 "," $51,000 "," $160,000 "," $170,000 "," $167,000 "," $180,000 ",8.3,8.6,9.8,11,Smooth and fresh,customer22@example.com,Customer 22,1919 Oak St
23,Zaskia,7 May 2020,Brazil," $7,200 "," $9,800 "," $3,150 "," $6,600 "," $3,750 "," $5,400 "," $4,200 ",85,12,5,6,8,6,23,3%,960,910,50," $42,500 "," $43,500 "," $43,000 "," $52,000 "," $162,000 "," $172,000 "," $169,000 "," $182,000 ",8.5,8.8,10,11.2,Perfect blend,customer23@example.com,Customer 23,2020 Elm Ave
24,Vallya,26 February 2023,Japan," $7,300 "," $9,900 "," $3,200 "," $6,700 "," $3,800 "," $5,500 "," $4,250 ",86,11,4,7,7,7,24,79%,980,930,50," $43,000 "," $44,000 "," $43,500 "," $53,000 "," $164,000 "," $174,000 "," $171,000 "," $185,000 ",8.7,9,10.2,11.4,Wonderful aroma,customer24@example.com,Customer 24,2121 Pine Rd
25,Taskip,27 August 2024,China," $7,400 "," $10,000 "," $3,250 "," $6,800 "," $3,850 "," $5,600 "," $4,300 ",87,13,6,5,6,8,25,9%,1000,950,50," $43,500 "," $44,500 "," $44,000 "," $54,000 "," $166,000 "," $176,000 "," $173,000 "," $188,000 ",8.8,9.2,10.3,11.6,Alluring scent,customer25@example.com,Customer 25,2222 Spruce Ln
26,Armeny,9 January 2024,France," $7,500 "," $10,100 "," $3,300 "," $6,900 "," $3,900 "," $5,700 "," $4,350 ",89,14,5,7,7,6,26,64%,1020,970,50," $44,000 "," $45,000 "," $44,500 "," $55,000 "," $168,000 "," $178,000 "," $175,000 "," $190,000 ",9,9.3,10.5,11.8,Earthy fragrance,customer26@example.com,Customer 26,2323 Maple Ave
27,Blasy,5 April 2023,Italy," $7,600 "," $10,200 "," $3,350 "," $7,000 "," $3,950 "," $5,800 "," $4,400 ",90,15,6,6,8,7,27,32%,1040,990,50," $44,500 "," $45,500 "," $45,000 "," $56,000 "," $170,000 "," $180,000 "," $177,000 "," $192,000 ",9.2,9.5,10.7,12,Distinct aroma,customer27@example.com,Customer 27,2424 Birch Rd
28,Denvo,16 September 2023,Germany," $7,700 "," $10,300 "," $3,400 "," $7,100 "," $4,000 "," $5,900 "," $4,450 ",92,13,7,6,6,5,22,53%,1060,1010,50," $45,000 "," $46,000 "," $45,500 "," $57,000 "," $172,000 "," $182,000 "," $179,000 "," $194,000 ",9.4,9.6,10.8,12.2,Refreshing scent,customer28@example.com,Customer 28,2525 Cherry Ln
29,Urula,14 January 2022,Spain," $7,800 "," $10,400 "," $3,450 "," $7,200 "," $4,050 "," $6,000 "," $4,500 ",94,12,5,7,7,6,24,79%,1080,1030,50," $45,500 "," $46,500 "," $46,000 "," $58,000 "," $174,000 "," $184,000 "," $181,000 "," $196,000 ",9.5,9.8,11,12.4,Luxurious touch,customer29@example.com,Customer 29,2626 Aspen Blvd
30,Croskio,30 October 2022,Netherlands," $7,900 "," $10,500 "," $3,500 "," $7,300 "," $4,100 "," $6,100 "," $4,550 ",95,15,6,5,8,7,26,55%,1100,1050,50," $46,000 "," $47,000 "," $46,500 "," $59,000 "," $176,000 "," $186,000 "," $183,000 "," $198,000 ",9.7,10,11.2,12.6,Floral blend,customer30@example.com,Customer 30,2727 Willow Dr
31,Xulian,6 April 2023,South Korea," $8,000 "," $10,600 "," $3,550 "," $7,400 "," $4,150 "," $6,200 "," $4,600 ",96,14,5,6,7,5,22,31%,1120,1070,50," $46,500 "," $47,500 "," $47,000 "," $60,000 "," $178,000 "," $188,000 "," $185,000 "," $200,000 ",9.9,10.2,11.5,12.8,Fruity scent,customer31@example.com,Customer 31,2828 Linden Ave
32,Irokia,9 January 2023,India," $8,100 "," $10,700 "," $3,600 "," $7,500 "," $4,200 "," $6,300 "," $4,650 ",98,16,6,7,6,8,28,40%,1140,1090,50," $47,000 "," $48,000 "," $47,500 "," $61,000 "," $180,000 "," $190,000 "," $187,000 "," $202,000 ",10,10.3,11.7,13,Elegant and warm,customer32@example.com,Customer 32,2929 Dogwood St
33,Jorya,26 October 2021,Italy," $8,200 "," $10,800 "," $3,650 "," $7,600 "," $4,250 "," $6,400 "," $4,700 ",99,15,7,5,8,6,23,81%,1160,1110,50," $47,500 "," $48,500 "," $48,000 "," $62,000 "," $182,000 "," $192,000 "," $189,000 "," $204,000 ",10.2,10.4,11.9,13.2,Soft and powdery,customer33@example.com,Customer 33,3030 Redwood Blvd
34,Olivra,15 February 2024,France," $8,300 "," $10,900 "," $3,700 "," $7,700 "," $4,300 "," $6,500 "," $4,750 ",100,14,6,6,7,7,24,6%,1180,1130,50," $48,000 "," $49,000 "," $48,500 "," $63,000 "," $184,000 "," $194,000 "," $191,000 "," $206,000 ",10.3,10.5,12.1,13.4,Rich and sweet,customer34@example.com,Customer 34,3131 Cedarwood Ln
35,Pelaroy,19 September 2022,Australia," $8,400 "," $11,000 "," $3,750 "," $7,800 "," $4,350 "," $6,600 "," $4,800 ",101,13,5,7,6,6,25,93%,1200,1150,50," $48,500 "," $49,500 "," $49,000 "," $64,000 "," $186,000 "," $196,000 "," $193,000 "," $208,000 ",10.5,10.7,12.3,13.6,Elegant and floral,customer35@example.com,Customer 35,3232 Beech St
36,Grozia,1 January 2023,Argentina," $8,500 "," $11,100 "," $3,800 "," $7,900 "," $4,400 "," $6,700 "," $4,850 ",103,12,6,6,7,8,26,89%,1220,1170,50," $49,000 "," $50,000 "," $49,500 "," $65,000 "," $188,000 "," $198,000 "," $195,000 "," $210,000 ",10.6,10.8,12.5,13.8,Fresh and natural,customer36@example.com,Customer 36,3333 Dogwood Ln
37,Evalo,26 December 2023,Japan," $8,600 "," $11,200 "," $3,850 "," $8,000 "," $4,450 "," $6,800 "," $4,900 ",105,13,5,5,8,7,27,54%,1240,1190,50," $49,500 "," $50,500 "," $50,000 "," $66,000 "," $190,000 "," $200,000 "," $197,000 "," $212,000 ",10.8,11,12.7,14,Unique and smooth,customer37@example.com,Customer 37,3434 Fir Ave
38,Hizroka,5 April 2020,Brazil," $8,700 "," $11,300 "," $3,900 "," $8,100 "," $4,500 "," $6,900 "," $4,950 ",106,14,6,6,6,5,28,62%,1260,1210,50," $50,000 "," $51,000 "," $50,500 "," $67,000 "," $192,000 "," $202,000 "," $199,000 "," $214,000 ",11,11.2,12.9,14.2,Sweet and bold,customer38@example.com,Customer 38,3535 Maple Blvd
39,Moleru,10 February 2023,Canada," $8,800 "," $11,400 "," $3,950 "," $8,200 "," $4,550 "," $7,000 "," $5,000 ",108,15,7,7,8,6,30,24%,1280,1230,50," $50,500 "," $51,500 "," $51,000 "," $68,000 "," $194,000 "," $204,000 "," $201,000 "," $216,000 ",11.2,11.4,13.1,14.4,Exquisite blend,customer39@example.com,Customer 39,3636 Oak Dr
40,Napoli,30 November 2023,Italy," $8,900 "," $11,500 "," $4,000 "," $8,300 "," $4,600 "," $7,100 "," $5,050 ",110,14,6,6,7,8,32,18%,1300,1250,50," $51,000 "," $52,000 "," $51,500 "," $69,000 "," $196,000 "," $206,000 "," $203,000 "," $218,000 ",11.4,11.6,13.3,14.6,Rich and lasting,customer40@example.com,Customer 40,3737 Pine St
41,Roboomy,10 July 2020,Sweden," $9,000 "," $11,600 "," $4,050 "," $8,400 "," $4,650 "," $7,200 "," $5,100 ",112,16,5,5,6,7,34,25%,1320,1270,50," $51,500 "," $52,500 "," $52,000 "," $70,000 "," $198,000 "," $208,000 "," $205,000 "," $220,000 ",11.6,11.8,13.5,14.8,Subtle and sweet,customer41@example.com,Customer 41,3838 Walnut Ave
42,Flora,5 December 2022,Finland," $9,100 "," $11,700 "," $4,100 "," $8,500 "," $4,700 "," $7,300 "," $5,150 ",114,15,7,7,5,5,35,94%,1340,1290,50," $52,000 "," $53,000 "," $52,500 "," $71,000 "," $200,000 "," $210,000 "," $207,000 "," $222,000 ",11.8,12,13.7,15,Soft floral notes,customer42@example.com,Customer 42,3939 Spruce Dr
43,Zaskia,11 January 2020,Norway," $9,200 "," $11,800 "," $4,150 "," $8,600 "," $4,750 "," $7,400 "," $5,200 ",116,13,6,6,7,6,36,11%,1360,1310,50," $52,500 "," $53,500 "," $53,000 "," $72,000 "," $202,000 "," $212,000 "," $209,000 "," $224,000 ",12,12.2,13.9,15.2,Woody aroma,customer43@example.com,Customer 43,4040 Cedar Ln
44,Vallya,29 March 2020,Denmark," $9,300 "," $11,900 "," $4,200 "," $8,700 "," $4,800 "," $7,500 "," $5,250 ",118,12,5,5,6,5,38,25%,1380,1330,50," $53,000 "," $54,000 "," $53,500 "," $73,000 "," $204,000 "," $214,000 "," $211,000 "," $226,000 ",12.2,12.4,14.1,15.4,Crisp and fresh,customer44@example.com,Customer 44,4141 Maple Blvd
45,Taskip,22 April 2022,Iceland," $9,400 "," $12,000 "," $4,250 "," $8,800 "," $4,850 "," $7,600 "," $5,300 ",120,11,7,7,8,7,40,77%,1400,1350,50," $53,500 "," $54,500 "," $54,000 "," $74,000 "," $206,000 "," $216,000 "," $213,000 "," $228,000 ",12.4,12.6,14.3,15.6,Herbaceous and calm,customer45@example.com,Customer 45,4242 Redwood St
46,Armeny,28 September 2020,Belgium," $9,500 "," $12,100 "," $4,300 "," $8,900 "," $4,900 "," $7,700 "," $5,350 ",122,16,6,6,7,8,42,20%,1420,1370,50," $54,000 "," $55,000 "," $54,500 "," $75,000 "," $208,000 "," $218,000 "," $215,000 "," $230,000 ",12.6,12.8,14.5,15.8,Warm and comforting,customer46@example.com,Customer 46,4343 Fir Ave
47,Blasy,29 September 2022,Portugal," $9,600 "," $12,200 "," $4,350 "," $9,000 "," $4,950 "," $7,800 "," $5,400 ",124,15,5,5,6,7,44,37%,1440,1390,50," $54,500 "," $55,500 "," $55,000 "," $76,000 "," $210,000 "," $220,000 "," $217,000 "," $232,000 ",12.8,13,14.7,16,Bright and lively,customer47@example.com,Customer 47,4444 Oak Blvd
48,Denvo,27 February 2024,Greece," $9,700 "," $12,300 "," $4,400 "," $9,100 "," $5,000 "," $7,900 "," $5,450 ",126,13,7,7,8,6,46,71%,1460,1410,50," $55,000 "," $56,000 "," $55,500 "," $77,000 "," $212,000 "," $222,000 "," $219,000 "," $234,000 ",13,13.2,14.9,16.2,Zesty and uplifting,customer48@example.com,Customer 48,4545 Aspen Dr
49,Urula,22 June 2022,Hungary," $9,800 "," $12,400 "," $4,450 "," $9,200 "," $5,050 "," $8,000 "," $5,500 ",128,14,6,6,7,5,48,89%,1480,1430,50," $55,500 "," $56,500 "," $56,000 "," $78,000 "," $214,000 "," $224,000 "," $221,000 "," $236,000 ",13.2,13.4,15.1,16.4,Clean and refreshing,customer49@example.com,Customer 49,4646 Beech St
50,Xulian,18 November 2021,Spain," $9,900 "," $12,500 "," $4,500 "," $9,300 "," $5,100 "," $8,100 "," $5,550 ",130,15,5,5,6,8,50,15%,1500,1450,50," $56,000 "," $57,000 "," $56,500 "," $79,000 "," $216,000 "," $226,000 "," $223,000 "," $238,000 ",13.4,13.6,15.3,16.6,Sophisticated scent,customer50@example.com,Customer 50,4747 Willow Ave
51,Irokia,30 March 2021,Australia," $10,000 "," $12,600 "," $4,550 "," $9,400 "," $5,150 "," $8,200 "," $5,600 ",132,12,6,6,7,7,52,64%,1520,1470,50," $56,500 "," $57,500 "," $57,000 "," $80,000 "," $218,000 "," $228,000 "," $225,000 "," $240,000 ",13.6,13.8,15.5,16.8,Bold and elegant,customer51@example.com,Customer 51,4848 Elm St
52,Jorya,24 February 2023,Brazil," $10,100 "," $12,700 "," $4,600 "," $9,500 "," $5,200 "," $8,300 "," $5,650 ",134,14,7,7,5,5,54,91%,1540,1490,50," $57,000 "," $58,000 "," $57,500 "," $81,000 "," $220,000 "," $230,000 "," $227,000 "," $242,000 ",13.8,14,15.7,17,Floral and fruity,customer52@example.com,Customer 52,4949 Pine Ave
53,Olivra,18 January 2023,Argentina," $10,200 "," $12,800 "," $4,650 "," $9,600 "," $5,250 "," $8,400 "," $5,700 ",136,13,5,5,6,6,56,15%,1560,1510,50," $57,500 "," $58,500 "," $58,000 "," $82,000 "," $222,000 "," $232,000 "," $229,000 "," $244,000 ",14,14.2,15.9,17.2,Fresh and invigorating,customer53@example.com,Customer 53,5050 Maple St
54,Pelaroy,27 May 2020,Chile," $10,300 "," $12,900 "," $4,700 "," $9,700 "," $5,300 "," $8,500 "," $5,750 ",138,15,6,6,7,8,58,57%,1580,1530,50," $58,000 "," $59,000 "," $58,500 "," $83,000 "," $224,000 "," $234,000 "," $231,000 "," $246,000 ",14.2,14.4,16.1,17.4,Subtle and spicy,customer54@example.com,Customer 54,5151 Cedar Ln
55,Grozia,15 November 2023,Peru," $10,400 "," $13,000 "," $4,750 "," $9,800 "," $5,350 "," $8,600 "," $5,800 ",140,11,7,7,8,7,60,87%,1600,1550,50," $58,500 "," $59,500 "," $59,000 "," $84,000 "," $226,000 "," $236,000 "," $233,000 "," $248,000 ",14.4,14.6,16.3,17.6,Complex and layered,customer55@example.com,Customer 55,5252 Birch Rd
56,Evalo,15 September 2022,Colombia," $10,500 "," $13,100 "," $4,800 "," $9,900 "," $5,400 "," $8,700 "," $5,850 ",142,16,5,5,5,6,62,74%,1620,1570,50," $59,000 "," $60,000 "," $59,500 "," $85,000 "," $228,000 "," $238,000 "," $235,000 "," $250,000 ",14.6,14.8,16.5,17.8,Rich and woody,customer56@example.com,Customer 56,5353 Aspen Dr
57,Hizroka,12 December 2021,Ecuador," $10,600 "," $13,200 "," $4,850 "," $10,000 "," $5,450 "," $8,800 "," $5,900 ",144,14,6,6,6,5,64,69%,1640,1590,50," $59,500 "," $60,500 "," $60,000 "," $86,000 "," $230,000 "," $240,000 "," $237,000 "," $252,000 ",14.8,15,16.7,18,Warm and intense,customer57@example.com,Customer 57,5454 Walnut St
58,Moleru,25 November 2022,Bolivia," $10,700 "," $13,300 "," $4,900 "," $10,100 "," $5,500 "," $8,900 "," $5,950 ",146,12,7,7,8,8,66,3%,1660,1610,50," $60,000 "," $61,000 "," $60,500 "," $87,000 "," $232,000 "," $242,000 "," $239,000 "," $254,000 ",15,15.2,16.9,18.2,Floral and light,customer58@example.com,Customer 58,5555 Fir Ln
59,Napoli,22 November 2023,Uruguay," $10,800 "," $13,400 "," $4,950 "," $10,200 "," $5,550 "," $9,000 "," $6,000 ",148,13,5,5,7,7,68,5%,1680,1630,50," $60,500 "," $61,500 "," $61,000 "," $88,000 "," $234,000 "," $244,000 "," $241,000 "," $256,000 ",15.2,15.4,17.1,18.4,Bright and citrusy,customer59@example.com,Customer 59,5656 Beech St
60,Roboomy,28 April 2021,Italy," $10,900 "," $13,500 "," $5,000 "," $10,300 "," $5,600 "," $9,100 "," $6,050 ",150,14,6,5,6,6,70,65%,1700,1650,50," $61,000 "," $62,000 "," $61,500 "," $89,000 "," $236,000 "," $246,000 "," $243,000 "," $258,000 ",15.4,15.6,17.3,18.6,Elegant and sophisticated,customer60@example.com,Customer 60,5757 Maple Ave
61,Flora,13 February 2021,France," $11,000 "," $13,600 "," $5,050 "," $10,400 "," $5,650 "," $9,200 "," $6,100 ",152,15,5,6,8,5,72,26%,1720,1670,50," $61,500 "," $62,500 "," $62,000 "," $90,000 "," $238,000 "," $248,000 "," $245,000 "," $260,000 ",15.6,15.8,17.5,18.8,Fresh and light,customer61@example.com,Customer 61,5858 Oak St
62,Zaskia,8 May 2020,Germany," $11,100 "," $13,700 "," $5,100 "," $10,500 "," $5,700 "," $9,300 "," $6,150 ",154,13,7,5,7,7,74,73%,1740,1690,50," $62,000 "," $63,000 "," $62,500 "," $91,000 "," $240,000 "," $250,000 "," $247,000 "," $262,000 ",15.8,16,17.7,19,Spicy and rich,customer62@example.com,Customer 62,5959 Birch Ave
63,Vallya,22 December 2022,Netherlands," $11,200 "," $13,800 "," $5,150 "," $10,600 "," $5,750 "," $9,400 "," $6,200 ",156,12,6,6,6,8,76,68%,1760,1710,50," $62,500 "," $63,500 "," $63,000 "," $92,000 "," $242,000 "," $252,000 "," $249,000 "," $264,000 ",16,16.2,17.9,19.2,Soft and floral,customer63@example.com,Customer 63,6060 Cedar St
64,Taskip,27 November 2023,Belgium," $11,300 "," $13,900 "," $5,200 "," $10,700 "," $5,800 "," $9,500 "," $6,250 ",158,11,7,7,5,6,78,84%,1780,1730,50," $63,000 "," $64,000 "," $63,500 "," $93,000 "," $244,000 "," $254,000 "," $251,000 "," $266,000 ",16.2,16.4,18.1,19.4,Earthy and warm,customer64@example.com,Customer 64,6161 Elm St
65,Armeny,16 April 2022,Switzerland," $11,400 "," $14,000 "," $5,250 "," $10,800 "," $5,850 "," $9,600 "," $6,300 ",160,10,5,5,6,7,80,24%,1800,1750,50," $63,500 "," $64,500 "," $64,000 "," $94,000 "," $246,000 "," $256,000 "," $253,000 "," $268,000 ",16.4,16.6,18.3,19.6,Smooth and elegant,customer65@example.com,Customer 65,6262 Pine Ave
66,Blasy,24 July 2023,Austria," $11,500 "," $14,100 "," $5,300 "," $10,900 "," $5,900 "," $9,700 "," $6,350 ",162,14,6,6,7,8,82,60%,1820,1770,50," $64,000 "," $65,000 "," $64,500 "," $95,000 "," $248,000 "," $258,000 "," $255,000 "," $270,000 ",16.6,16.8,18.5,19.8,Bright and zesty,customer66@example.com,Customer 66,6363 Fir Ln
67,Denvo,23 February 2024,Portugal," $11,600 "," $14,200 "," $5,350 "," $11,000 "," $5,950 "," $9,800 "," $6,400 ",164,13,5,5,8,5,84,74%,1840,1790,50," $64,500 "," $65,500 "," $65,000 "," $96,000 "," $250,000 "," $260,000 "," $257,000 "," $272,000 ",16.8,17,18.7,20,Woody and bold,customer67@example.com,Customer 67,6464 Maple St
68,Urula,23 December 2021,Luxembourg," $11,700 "," $14,300 "," $5,400 "," $11,100 "," $6,000 "," $9,900 "," $6,450 ",166,15,7,7,7,6,86,27%,1860,1810,50," $65,000 "," $66,000 "," $65,500 "," $97,000 "," $252,000 "," $262,000 "," $259,000 "," $274,000 ",17,17.2,18.9,20.2,Herbaceous and fresh,customer68@example.com,Customer 68,6565 Willow Ave
69,Croskio,22 November 2023,Denmark," $11,800 "," $14,400 "," $5,450 "," $11,200 "," $6,050 "," $10,000 "," $6,500 ",168,12,6,6,5,7,88,38%,1880,1830,50," $65,500 "," $66,500 "," $66,000 "," $98,000 "," $254,000 "," $264,000 "," $261,000 "," $276,000 ",17.2,17.4,19.1,20.4,Elegant and citrusy,customer69@example.com,Customer 69,6666 Beech St
70,Xulian,18 April 2022,Norway," $11,900 "," $14,500 "," $5,500 "," $11,300 "," $6,100 "," $10,100 "," $6,550 ",170,11,7,5,8,6,90,30%,1900,1850,50," $66,000 "," $67,000 "," $66,500 "," $99,000 "," $256,000 "," $266,000 "," $263,000 "," $278,000 ",17.4,17.6,19.3,20.6,Sweet and floral,customer70@example.com,Customer 70,6767 Elmwood Dr
71,Irokia,7 August 2023,Sweden," $12,000 "," $14,600 "," $5,550 "," $11,400 "," $6,150 "," $10,200 "," $6,600 ",172,14,6,7,7,5,92,64%,1920,1870,50," $66,500 "," $67,500 "," $67,000 "," $100,000 "," $258,000 "," $268,000 "," $265,000 "," $280,000 ",17.6,17.8,19.5,20.8,Bold and musky,customer71@example.com,Customer 71,6868 Pine Ln
72,Jorya,13 December 2021,Finland," $12,100 "," $14,700 "," $5,600 "," $11,500 "," $6,200 "," $10,300 "," $6,650 ",174,13,5,6,6,8,94,24%,1940,1890,50," $67,000 "," $68,000 "," $67,500 "," $101,000 "," $260,000 "," $270,000 "," $267,000 "," $282,000 ",17.8,18,19.7,21,Fresh and clean,customer72@example.com,Customer 72,6969 Cedar Rd
73,Olivra,19 July 2020,Iceland," $12,200 "," $14,800 "," $5,650 "," $11,600 "," $6,250 "," $10,400 "," $6,700 ",176,12,7,5,7,7,96,54%,1960,1910,50," $67,500 "," $68,500 "," $68,000 "," $102,000 "," $262,000 "," $272,000 "," $269,000 "," $284,000 ",18,18.2,19.9,21.2,Warm and cozy,customer73@example.com,Customer 73,7070 Spruce Ave
74,Pelaroy,4 December 2023,Austria," $12,300 "," $14,900 "," $5,700 "," $11,700 "," $6,300 "," $10,500 "," $6,750 ",178,10,6,6,8,6,98,92%,1980,1930,50," $68,000 "," $69,000 "," $68,500 "," $103,000 "," $264,000 "," $274,000 "," $271,000 "," $286,000 ",18.2,18.4,20.1,21.4,Elegant and refined,customer74@example.com,Customer 74,7171 Willow Rd
75,Grozia,4 December 2020,New Zealand," $12,400 "," $15,000 "," $5,750 "," $11,800 "," $6,350 "," $10,600 "," $6,800 ",180,15,5,7,5,7,100,67%,2000,1950,50," $68,500 "," $69,500 "," $69,000 "," $104,000 "," $266,000 "," $276,000 "," $273,000 "," $288,000 ",18.4,18.6,20.3,21.6,Fresh and oceanic,customer75@example.com,Customer 75,7272 Bay St
76,Evalo,4 March 2024,Australia," $12,500 "," $15,100 "," $5,800 "," $11,900 "," $6,400 "," $10,700 "," $6,850 ",182,14,7,6,6,8,102,68%,2020,1970,50," $69,000 "," $70,000 "," $69,500 "," $105,000 "," $268,000 "," $278,000 "," $275,000 "," $290,000 ",18.6,18.8,20.5,21.8,Lively and vibrant,customer76@example.com,Customer 76,7373 Harbor Ln
77,Hizroka,15 February 2020,Japan," $12,600 "," $15,200 "," $5,850 "," $12,000 "," $6,450 "," $10,800 "," $6,900 ",184,13,5,5,7,5,104,93%,2040,1990,50," $69,500 "," $70,500 "," $70,000 "," $106,000 "," $270,000 "," $280,000 "," $277,000 "," $292,000 ",18.8,19,20.7,22,Spicy and exotic,customer77@example.com,Customer 77,7474 Shore Rd
78,Moleru,3 August 2020,South Korea," $12,700 "," $15,300 "," $5,900 "," $12,100 "," $6,500 "," $10,900 "," $6,950 ",186,11,6,7,6,6,106,84%,2060,2010,50," $70,000 "," $71,000 "," $70,500 "," $107,000 "," $272,000 "," $282,000 "," $279,000 "," $294,000 ",19,19.2,20.9,22.2,Woody and rich,customer78@example.com,Customer 78,7575 Lake Dr
79,Napoli,12 May 2024,China," $12,800 "," $15,400 "," $5,950 "," $12,200 "," $6,550 "," $11,000 "," $7,000 ",188,12,7,6,7,8,108,7%,2080,2030,50," $70,500 "," $71,500 "," $71,000 "," $108,000 "," $274,000 "," $284,000 "," $281,000 "," $296,000 ",19.2,19.4,21.1,22.4,Bold and powerful,customer79@example.com,Customer 79,7676 Ocean Ave
80,Roboomy,22 July 2022,Brazil," $12,900 "," $15,500 "," $6,000 "," $12,300 "," $6,600 "," $11,100 "," $7,050 ",190,10,8,5,6,5,110,35%,2100,2040,50," $71,000 "," $72,000 "," $71,500 "," $109,000 "," $276,000 "," $286,000 "," $283,000 "," $298,000 ",19.4,19.6,21.3,22.6,Delicate and soft,customer80@example.com,Customer 80,7777 Forest Dr
81,Flora,14 June 2021,Argentina," $13,000 "," $15,600 "," $6,050 "," $12,400 "," $6,650 "," $11,200 "," $7,100 ",192,9,7,6,5,6,112,69%,2120,2050,50," $71,500 "," $72,500 "," $72,000 "," $110,000 "," $278,000 "," $288,000 "," $285,000 "," $300,000 ",19.6,19.8,21.5,22.8,Floral and refreshing,customer81@example.com,Customer 81,7878 Mountain Rd
82,Zaskia,15 January 2024,Chile," $13,100 "," $15,700 "," $6,100 "," $12,500 "," $6,700 "," $11,300 "," $7,150 ",194,8,5,7,6,7,114,8%,2140,2060,50," $72,000 "," $73,000 "," $72,500 "," $111,000 "," $280,000 "," $290,000 "," $287,000 "," $302,000 ",19.8,20,21.7,23,Citrusy and bright,customer82@example.com,Customer 82,7979 Hill St
83,Vallya,27 March 2021,Colombia," $13,200 "," $15,800 "," $6,150 "," $12,600 "," $6,750 "," $11,400 "," $7,200 ",196,12,6,6,7,8,116,78%,2160,2070,50," $72,500 "," $73,500 "," $73,000 "," $112,000 "," $282,000 "," $292,000 "," $289,000 "," $304,000 ",20,20.2,21.9,23.2,Sweet and spicy,customer83@example.com,Customer 83,8080 Riverside Rd
84,Taskip,15 March 2022,Peru," $13,300 "," $15,900 "," $6,200 "," $12,700 "," $6,800 "," $11,500 "," $7,250 ",198,11,7,5,6,7,118,62%,2180,2080,50," $73,000 "," $74,000 "," $73,500 "," $113,000 "," $284,000 "," $294,000 "," $291,000 "," $306,000 ",20.2,20.4,22.1,23.4,Fruity and fun,customer84@example.com,Customer 84,8181 Pinecrest Rd
85,Armeny,25 January 2022,Uruguay," $13,400 "," $16,000 "," $6,250 "," $12,800 "," $6,850 "," $11,600 "," $7,300 ",200,9,6,6,5,6,120,55%,2200,2090,50," $73,500 "," $74,500 "," $74,000 "," $114,000 "," $286,000 "," $296,000 "," $293,000 "," $308,000 ",20.4,20.6,22.3,23.6,Elegant and romantic,customer85@example.com,Customer 85,8282 West Rd
86,Blasy,24 July 2020,Venezuela," $13,500 "," $16,100 "," $6,300 "," $12,900 "," $6,900 "," $11,700 "," $7,350 ",202,10,7,7,6,7,122,0%,2220,2100,50," $74,000 "," $75,000 "," $74,500 "," $115,000 "," $288,000 "," $298,000 "," $295,000 "," $310,000 ",20.6,20.8,22.5,23.8,Charming and playful,customer86@example.com,Customer 86,8383 Valley Rd
87,Denvo,30 November 2022,Paraguay," $13,600 "," $16,200 "," $6,350 "," $13,000 "," $6,950 "," $11,800 "," $7,400 ",204,8,5,6,7,8,124,6%,2240,2110,50," $74,500 "," $75,500 "," $75,000 "," $116,000 "," $290,000 "," $300,000 "," $297,000 "," $312,000 ",20.8,21,22.7,24,Mysterious and alluring,customer87@example.com,Customer 87,8484 Bayview Rd
88,Urula,30 May 2024,Ecuador," $13,700 "," $16,300 "," $6,400 "," $13,100 "," $7,000 "," $11,900 "," $7,450 ",206,7,6,5,6,6,126,20%,2260,2120,50," $75,000 "," $76,000 "," $75,500 "," $117,000 "," $292,000 "," $302,000 "," $299,000 "," $314,000 ",21,21.2,22.9,24.2,Elegant and classic,customer88@example.com,Customer 88,8585 Cascade Rd
89,Croskio,29 October 2020,Bolivia," $13,800 "," $16,400 "," $6,450 "," $13,200 "," $7,050 "," $12,000 "," $7,500 ",208,10,5,6,7,5,128,7%,2280,2130,50," $75,500 "," $76,500 "," $76,000 "," $118,000 "," $294,000 "," $304,000 "," $301,000 "," $316,000 ",21.2,21.4,23.1,24.4,Exotic and vibrant,customer89@example.com,Customer 89,8686 Seaside Rd
90,Xulian,7 February 2024,Suriname," $13,900 "," $16,500 "," $6,500 "," $13,300 "," $7,100 "," $12,100 "," $7,550 ",210,9,7,7,6,8,130,37%,2300,2140,50," $76,000 "," $77,000 "," $76,500 "," $119,000 "," $296,000 "," $306,000 "," $303,000 "," $318,000 ",21.4,21.6,23.3,24.6,Bold and daring,customer90@example.com,Customer 90,8787 Greenway Rd
91,Irokia,28 November 2020,Guyana," $14,000 "," $16,600 "," $6,550 "," $13,400 "," $7,150 "," $12,200 "," $7,600 ",212,10,6,7,5,5,132,74%,2320,2150,50," $76,500 "," $77,500 "," $77,000 "," $120,000 "," $298,000 "," $308,000 "," $305,000 "," $320,000 ",21.6,21.8,23.5,24.8,Sensual and rich,customer91@example.com,Customer 91,8888 Highview Rd
92,Jorya,1 February 2024,French Guiana," $14,100 "," $16,700 "," $6,600 "," $13,500 "," $7,200 "," $12,300 "," $7,650 ",214,9,5,6,7,6,134,24%,2340,2160,50," $77,000 "," $78,000 "," $77,500 "," $121,000 "," $300,000 "," $310,000 "," $307,000 "," $322,000 ",21.8,22,23.7,25,Lively and energetic,customer92@example.com,Customer 92,8989 Riverbend Rd
93,Olivra,8 January 2023,Costa Rica," $14,200 "," $16,800 "," $6,650 "," $13,600 "," $7,250 "," $12,400 "," $7,700 ",216,10,6,7,5,7,136,70%,2360,2170,50," $77,500 "," $78,500 "," $78,000 "," $122,000 "," $302,000 "," $312,000 "," $309,000 "," $324,000 ",22,22.2,23.9,25.2,Sweet and uplifting,customer93@example.com,Customer 93,9090 Cedar St
94,Pelaroy,4 October 2020,Nicaragua," $14,300 "," $16,900 "," $6,700 "," $13,700 "," $7,300 "," $12,500 "," $7,750 ",218,9,5,6,8,5,138,65%,2380,2180,50," $78,000 "," $79,000 "," $78,500 "," $123,000 "," $304,000 "," $314,000 "," $311,000 "," $326,000 ",22.2,22.4,24.1,25.4,Exquisite and unique,customer94@example.com,Customer 94,9191 Maple Rd
95,Grozia,4 February 2024,Panama," $14,400 "," $17,000 "," $6,750 "," $13,800 "," $7,350 "," $12,600 "," $7,800 ",220,11,6,7,6,6,140,4%,2400,2190,50," $78,500 "," $79,500 "," $79,000 "," $124,000 "," $306,000 "," $316,000 "," $313,000 "," $328,000 ",22.4,22.6,24.3,25.6,Elegant and sophisticated,customer95@example.com,Customer 95,9292 Oak St
96,Evalo,27 July 2020,Honduras," $14,500 "," $17,100 "," $6,800 "," $13,900 "," $7,400 "," $12,700 "," $7,850 ",222,8,6,5,6,8,142,73%,2420,2200,50," $79,000 "," $80,000 "," $79,500 "," $125,000 "," $308,000 "," $318,000 "," $315,000 "," $330,000 ",22.6,22.8,24.5,25.8,Fresh and revitalizing,customer96@example.com,Customer 96,9393 Sunflower Rd
97,Hizroka,8 September 2022,El Salvador," $14,600 "," $17,200 "," $6,850 "," $14,000 "," $7,450 "," $12,800 "," $7,900 ",224,10,7,6,5,5,144,99%,2440,2210,50," $79,500 "," $80,500 "," $80,000 "," $126,000 "," $310,000 "," $320,000 "," $317,000 "," $332,000 ",22.8,23,24.7,26,Light and breezy,customer97@example.com,Customer 97,9494 Meadow Rd
98,Moleru,1 February 2020,Guatemala," $14,700 "," $17,300 "," $6,900 "," $14,100 "," $7,500 "," $12,900 "," $7,950 ",226,11,6,5,6,8,146,84%,2460,2220,50," $80,000 "," $81,000 "," $80,500 "," $127,000 "," $312,000 "," $322,000 "," $319,000 "," $334,000 ",23,23.2,24.9,26.2,Soft and comforting,customer98@example.com,Customer 98,9595 Cherry Blossom Rd
99,Napoli,21 September 2024,Cuba," $14,800 "," $17,400 "," $6,950 "," $14,200 "," $7,550 "," $13,000 "," $8,000 ",228,12,8,6,7,7,148,94%,2480,2230,50," $80,500 "," $81,500 "," $81,000 "," $128,000 "," $314,000 "," $324,000 "," $321,000 "," $336,000 ",23.2,23.4,25.1,26.4,Exotic and captivating,customer99@example.com,Customer 99,9696 Autumn Rd
100,Roboomy,8 January 2021,Dominican Republic," $14,900 "," $17,500 "," $7,000 "," $14,300 "," $7,600 "," $13,100 "," $8,050 ",230,10,7,5,6,5,150,79%,2500,2240,50," $81,000 "," $82,000 "," $81,500 "," $129,000 "," $316,000 "," $326,000 "," $323,000 "," $338,000 ",23.4,23.6,25.3,26.6,Rich and deep,customer100@example.com,Customer 100,9797 Palm Rd
101,Flora,14 September 2020,Jamaica," $15,000 "," $17,600 "," $7,050 "," $14,400 "," $7,650 "," $13,200 "," $8,100 ",232,11,8,6,7,6,152,17%,2520,2250,50," $81,500 "," $82,500 "," $82,000 "," $130,000 "," $318,000 "," $328,000 "," $325,000 "," $340,000 ",23.6,23.8,25.5,26.8,Invigorating and fresh,customer101@example.com,Customer 101,9898 Bloom St
102,Zaskia,11 August 2024,Trinidad and Tobago," $15,100 "," $17,700 "," $7,100 "," $14,500 "," $7,700 "," $13,300 "," $8,150 ",234,10,6,7,8,5,154,73%,2540,2260,50," $82,000 "," $83,000 "," $82,500 "," $131,000 "," $320,000 "," $330,000 "," $327,000 "," $342,000 ",23.8,24,25.7,27,Fruity and floral,customer102@example.com,Customer 102,9999 Willow Rd
103,Lunaris,25 April 2020,Barbados," $15,200 "," $17,800 "," $7,150 "," $14,600 "," $7,750 "," $13,400 "," $8,200 ",236,9,5,6,7,8,156,47%,2560,2270,50," $82,500 "," $83,500 "," $83,000 "," $132,000 "," $322,000 "," $332,000 "," $329,000 "," $344,000 ",24,24.2,25.9,27.2,Subtle and elegant,customer103@example.com,Customer 103,1010 Seaside Rd
104,Mioria,29 July 2024,Saint Lucia," $15,300 "," $17,900 "," $7,200 "," $14,700 "," $7,800 "," $13,500 "," $8,250 ",238,10,6,5,6,5,158,17%,2580,2280,50," $83,000 "," $84,000 "," $83,500 "," $133,000 "," $324,000 "," $334,000 "," $331,000 "," $346,000 ",24.2,24.4,26.1,27.4,Charming and inviting,customer104@example.com,Customer 104,1111 Oceanview Rd
105,Floravia,26 April 2023,Grenada," $15,400 "," $18,000 "," $7,250 "," $14,800 "," $7,850 "," $13,600 "," $8,300 ",240,11,7,6,7,6,160,10%,2600,2290,50," $83,500 "," $84,500 "," $84,000 "," $134,000 "," $326,000 "," $336,000 "," $333,000 "," $348,000 ",24.4,24.6,26.3,27.6,Delicate and warm,customer105@example.com,Customer 105,1212 Island Rd
106,Joviana,19 September 2022,Bahamas," $15,500 "," $18,100 "," $7,300 "," $14,900 "," $7,900 "," $13,700 "," $8,350 ",242,12,8,7,5,7,162,63%,2620,2300,50," $84,000 "," $85,000 "," $84,500 "," $135,000 "," $328,000 "," $338,000 "," $335,000 "," $350,000 ",24.6,24.8,26.5,27.8,Refreshing and smooth,customer106@example.com,Customer 106,1313 Paradise Rd
107,Aurelia,30 September 2020,Cayman Islands," $15,600 "," $18,200 "," $7,350 "," $15,000 "," $7,950 "," $13,800 "," $8,400 ",244,11,6,5,8,5,164,80%,2640,2310,50," $84,500 "," $85,500 "," $85,000 "," $136,000 "," $330,000 "," $340,000 "," $337,000 "," $352,000 ",24.8,25,26.7,28,Sophisticated and chic,customer107@example.com,Customer 107,1414 Bay Rd
108,Veridian,8 September 2023,Antigua and Barbuda," $15,700 "," $18,300 "," $7,400 "," $15,100 "," $8,000 "," $13,900 "," $8,450 ",246,10,7,6,7,6,166,50%,2660,2320,50," $85,000 "," $86,000 "," $85,500 "," $137,000 "," $332,000 "," $342,000 "," $339,000 "," $354,000 ",25,25.2,26.9,28.2,Green and fresh,customer108@example.com,Customer 108,1515 Coral Rd
109,Azzura,28 November 2024,Saint Kitts and Nevis," $15,800 "," $18,400 "," $7,450 "," $15,200 "," $8,050 "," $14,000 "," $8,500 ",248,9,5,7,6,7,168,13%,2680,2330,50," $85,500 "," $86,500 "," $86,000 "," $138,000 "," $334,000 "," $344,000 "," $341,000 "," $356,000 ",25.2,25.4,27.1,28.4,Vibrant and uplifting,customer109@example.com,Customer 109,1616 Sunset Rd
110,Soleil,26 October 2024,Saint Vincent and the Grenadines," $15,900 "," $18,500 "," $7,500 "," $15,300 "," $8,100 "," $14,100 "," $8,550 ",250,10,7,6,7,5,170,31%,2700,2340,50," $86,000 "," $87,000 "," $86,500 "," $139,000 "," $336,000 "," $346,000 "," $343,000 "," $358,000 ",25.4,25.6,27.3,28.6,Sunny and cheerful,customer110@example.com,Customer 110,1717 Wave Rd
111,Natura,10 October 2023,Dominica," $16,000 "," $18,600 "," $7,550 "," $15,400 "," $8,150 "," $14,200 "," $8,600 ",252,11,8,5,6,6,172,47%,2720,2350,50," $86,500 "," $87,500 "," $87,000 "," $140,000 "," $338,000 "," $348,000 "," $345,000 "," $360,000 ",25.6,25.8,27.5,28.8,Organic and pure,customer111@example.com,Customer 111,1818 Evergreen Rd
112,Tropica,19 November 2021,Montserrat," $16,100 "," $18,700 "," $7,600 "," $15,500 "," $8,200 "," $14,300 "," $8,650 ",254,9,7,6,7,5,174,37%,2740,2360,50," $87,000 "," $88,000 "," $87,500 "," $141,000 "," $340,000 "," $350,000 "," $347,000 "," $362,000 ",25.8,26,27.7,29,Lively and fun,customer112@example.com,Customer 112,1919 Oceanview Rd
113,Biogreen,26 April 2021,Grenada," $16,200 "," $18,800 "," $7,650 "," $15,600 "," $8,250 "," $14,400 "," $8,700 ",256,11,8,5,6,6,176,91%,2760,2370,50," $87,500 "," $88,500 "," $88,000 "," $142,000 "," $342,000 "," $352,000 "," $349,000 "," $364,000 ",26,26.2,27.9,29.2,Fresh and natural,customer113@example.com,Customer 113,2020 Tropical Rd
114,Lumina,23 September 2021,Saint Lucia," $16,300 "," $18,900 "," $7,700 "," $15,700 "," $8,300 "," $14,500 "," $8,750 ",258,12,8,6,7,6,178,25%,2780,2380,50," $88,000 "," $89,000 "," $88,500 "," $143,000 "," $344,000 "," $354,000 "," $350,000 "," $366,000 ",26.2,26.4,28.1,29.4,Radiant and bright,customer114@example.com,Customer 114,2121 Serenity Rd
115,Isola,21 September 2020,Cayman Islands," $16,400 "," $19,000 "," $7,750 "," $15,800 "," $8,350 "," $14,600 "," $8,800 ",260,11,6,5,8,5,180,84%,2800,2390,50," $88,500 "," $89,500 "," $89,000 "," $144,000 "," $346,000 "," $356,000 "," $353,000 "," $368,000 ",26.4,26.6,28.3,29.6,A unique experience,customer115@example.com,Customer 115,2222 Beach Rd
116,Elan,10 February 2022,Jamaica," $16,500 "," $19,100 "," $7,800 "," $15,900 "," $8,400 "," $14,700 "," $8,850 ",262,10,7,6,6,6,182,40%,2820,2400,50," $89,000 "," $90,000 "," $89,500 "," $145,000 "," $348,000 "," $358,000 "," $355,000 "," $370,000 ",26.6,26.8,28.5,29.8,Incredible and memorable,customer116@example.com,Customer 116,2323 Paradise Rd
117,Aurora,12 September 2024,Bahamas," $16,600 "," $19,200 "," $7,850 "," $16,000 "," $8,450 "," $14,800 "," $8,900 ",264,12,8,7,7,5,184,55%,2840,2410,50," $89,500 "," $90,500 "," $90,000 "," $146,000 "," $350,000 "," $360,000 "," $357,000 "," $372,000 ",26.8,27,28.7,30,Bright and cheerful,customer117@example.com,Customer 117,2424 Oceanview Rd
118,Riviera,26 September 2023,Barbados," $16,700 "," $19,300 "," $7,900 "," $16,100 "," $8,500 "," $14,900 "," $8,950 ",266,9,5,5,8,6,186,3%,2860,2420,50," $90,000 "," $91,000 "," $90,500 "," $147,000 "," $352,000 "," $362,000 "," $359,000 "," $374,000 ",27,27.2,28.9,30.2,Sophisticated aroma,customer118@example.com,Customer 118,2525 Sunset Rd
119,Serenity,23 May 2020,Antigua and Barbuda," $16,800 "," $19,400 "," $7,950 "," $16,200 "," $8,550 "," $15,000 "," $9,000 ",268,11,6,6,7,5,188,39%,2880,2430,50," $90,500 "," $91,500 "," $91,000 "," $148,000 "," $354,000 "," $364,000 "," $360,000 "," $375,000 ",27.2,27.4,29.1,30.4,Calming and relaxing,customer119@example.com,Customer 119,2626 Hilltop Rd
120,Elysium,27 April 2020,Saint Vincent and the Grenadines," $16,900 "," $19,500 "," $8,000 "," $16,300 "," $8,600 "," $15,100 "," $9,050 ",270,12,8,5,6,5,190,74%,2900,2440,50," $91,000 "," $92,000 "," $91,500 "," $149,000 "," $356,000 "," $366,000 "," $361,000 "," $376,000 ",27.4,27.6,29.3,30.6,Divine experience,customer120@example.com,Customer 120,2727 Cloud Rd
121,Breeze,25 February 2024,Dominica," $17,000 "," $19,600 "," $8,050 "," $16,400 "," $8,650 "," $15,200 "," $9,100 ",272,10,7,6,6,6,192,56%,2920,2450,50," $91,500 "," $92,500 "," $92,000 "," $150,000 "," $358,000 "," $368,000 "," $362,000 "," $377,000 ",27.6,27.8,29.5,30.8,Refreshing and light,customer121@example.com,Customer 121,2828 Sunny Rd
122,Harmony,5 June 2020,Saint Kitts and Nevis," $17,100 "," $19,700 "," $8,100 "," $16,500 "," $8,700 "," $15,300 "," $9,150 ",274,9,5,7,6,5,194,50%,2940,2460,50," $92,000 "," $93,000 "," $92,500 "," $151,000 "," $360,000 "," $370,000 "," $363,000 "," $378,000 ",27.8,28,29.7,31,Balanced and serene,customer122@example.com,Customer 122,2929 Peace Rd
123,Oasis,13 May 2021,Grenada," $17,200 "," $19,800 "," $8,150 "," $16,600 "," $8,750 "," $15,400 "," $9,200 ",276,12,8,5,7,6,196,6%,2960,2470,50," $92,500 "," $93,500 "," $93,000 "," $152,000 "," $362,000 "," $372,000 "," $364,000 "," $379,000 ",28,28.2,29.9,31.2,Tranquil and smooth,customer123@example.com,Customer 123,3030 Oasis Rd
124,Aura,24 August 2021,Saint Lucia," $17,300 "," $19,900 "," $8,200 "," $16,700 "," $8,800 "," $15,500 "," $9,250 ",278,11,7,6,6,6,198,94%,2980,2480,50," $93,000 "," $94,000 "," $93,500 "," $153,000 "," $364,000 "," $374,000 "," $365,000 "," $380,000 ",28.2,28.4,30.1,31.4,Luminous and captivating,customer124@example.com,Customer 124,3131 Sunshine Rd
125,Zenith,25 November 2024,Cayman Islands," $17,400 "," $20,000 "," $8,250 "," $16,800 "," $8,850 "," $15,600 "," $9,300 ",280,12,6,5,6,7,200,94%,3000,2490,50," $93,500 "," $94,500 "," $94,000 "," $154,000 "," $366,000 "," $376,000 "," $366,000 "," $381,000 ",28.4,28.6,30.3,31.6,Pure bliss,customer125@example.com,Customer 125,3232 Harmony Rd
126,Celestial,25 May 2023,Antigua and Barbuda," $17,500 "," $20,100 "," $8,300 "," $16,900 "," $8,900 "," $15,700 "," $9,350 ",282,11,5,6,6,5,202,75%,3020,2500,50," $94,000 "," $95,000 "," $94,500 "," $155,000 "," $368,000 "," $378,000 "," $367,000 "," $382,000 ",28.6,28.8,30.5,31.8,Heavenly scent,customer126@example.com,Customer 126,3333 Tranquility Rd
127,Infinity,17 April 2022,Barbados," $17,600 "," $20,200 "," $8,350 "," $17,000 "," $8,950 "," $15,800 "," $9,400 ",284,10,6,5,6,5,204,30%,3040,2510,50," $94,500 "," $95,500 "," $95,000 "," $156,000 "," $370,000 "," $380,000 "," $368,000 "," $383,000 ",28.8,29,30.7,32,Limitless experience,customer127@example.com,Customer 127,3434 Delight Rd
128,Radiance,9 April 2023,Dominica," $17,700 "," $20,300 "," $8,400 "," $17,100 "," $9,000 "," $15,900 "," $9,450 ",286,9,7,6,5,6,206,38%,3060,2520,50," $95,000 "," $96,000 "," $95,500 "," $157,000 "," $372,000 "," $378,000 "," $369,000 "," $384,000 ",29,29.2,30.9,32.2,Illuminating scent,customer128@example.com,Customer 128,3535 Energy Rd
129,Eclipse,16 May 2021,Saint Kitts and Nevis," $17,800 "," $20,400 "," $8,450 "," $17,200 "," $9,050 "," $16,000 "," $9,500 ",288,12,8,7,6,5,208,14%,3080,2530,50," $95,500 "," $96,500 "," $96,000 "," $158,000 "," $374,000 "," $384,000 "," $370,000 "," $385,000 ",29.2,29.4,31.1,32.4,Transformative experience,customer129@example.com,Customer 129,3636 Harmony Rd
130,Elevation,3 January 2020,Grenada," $17,900 "," $20,500 "," $8,500 "," $17,300 "," $9,100 "," $16,100 "," $9,550 ",290,10,6,6,5,5,210,95%,3100,2540,50," $96,000 "," $97,000 "," $96,500 "," $159,000 "," $376,000 "," $386,000 "," $371,000 "," $386,000 ",29.4,29.6,31.3,32.6,A heightened experience,customer130@example.com,Customer 130,3737 Growth Rd
131,Spectra,25 November 2022,Saint Lucia," $18,000 "," $20,600 "," $8,550 "," $17,400 "," $9,150 "," $16,200 "," $9,600 ",292,11,5,5,6,6,212,0%,3120,2550,50," $96,500 "," $97,500 "," $97,000 "," $160,000 "," $378,000 "," $388,000 "," $372,000 "," $387,000 ",29.6,29.8,31.5,32.8,Multidimensional aroma,customer131@example.com,Customer 131,3838 Vision Rd
132,Genesis,19 July 2024,Cayman Islands," $18,100 "," $20,700 "," $8,600 "," $17,500 "," $9,200 "," $16,300 "," $9,650 ",294,9,6,6,5,5,214,27%,3140,2560,50," $97,000 "," $98,000 "," $97,500 "," $161,000 "," $380,000 "," $390,000 "," $373,000 "," $388,000 ",29.8,30,31.7,33,Fresh beginnings,customer132@example.com,Customer 132,3939 Discovery Rd
133,Awakening,6 April 2023,Antigua and Barbuda," $18,200 "," $20,800 "," $8,650 "," $17,600 "," $9,250 "," $16,400 "," $9,700 ",296,12,7,5,5,6,216,55%,3160,2570,50," $97,500 "," $98,500 "," $98,000 "," $162,000 "," $382,000 "," $392,000 "," $374,000 "," $389,000 ",30,30.2,31.9,33.2,A new dawn,customer133@example.com,Customer 133,4040 Bright Rd
134,Revival,24 December 2023,Barbados," $18,300 "," $20,900 "," $8,700 "," $17,700 "," $9,300 "," $16,500 "," $9,750 ",298,10,6,7,6,5,218,61%,3180,2580,50," $98,000 "," $99,000 "," $98,500 "," $163,000 "," $384,000 "," $394,000 "," $375,000 "," $390,000 ",30.2,30.4,32.1,33.4,Revitalizing scent,customer134@example.com,Customer 134,4141 Refresh Rd
135,Aroma,13 September 2024,Dominica," $18,400 "," $21,000 "," $8,750 "," $17,800 "," $9,350 "," $16,600 "," $9,800 ",300,11,5,6,6,5,220,65%,3200,2590,50," $98,500 "," $99,500 "," $99,000 "," $164,000 "," $386,000 "," $396,000 "," $376,000 "," $391,000 ",30.4,30.6,32.3,33.6,Fragrant allure,customer135@example.com,Customer 135,4242 Aroma Rd
136,Nectar,13 March 2022,Saint Kitts and Nevis," $18,500 "," $21,100 "," $8,800 "," $17,900 "," $9,400 "," $16,700 "," $9,850 ",302,12,8,6,5,6,222,71%,3220,2600,50," $99,000 "," $100,000 "," $99,500 "," $165,000 "," $388,000 "," $398,000 "," $377,000 "," $392,000 ",30.6,30.8,32.5,33.8,Sweet and rich,customer136@example.com,Customer 136,4343 Sweet Rd
137,Bounty,15 February 2024,Grenada," $18,600 "," $21,200 "," $8,850 "," $18,000 "," $9,450 "," $16,800 "," $9,900 ",304,11,7,5,5,6,224,51%,3240,2610,50," $99,500 "," $100,500 "," $100,000 "," $166,000 "," $390,000 "," $400,000 "," $378,000 "," $393,000 ",30.8,31,32.7,34,A treasure of scents,customer137@example.com,Customer 137,4444 Bounty Rd
138,Bliss,15 March 2021,Saint Lucia," $18,700 "," $21,300 "," $8,900 "," $18,100 "," $9,500 "," $16,900 "," $9,950 ",306,10,6,6,5,6,226,56%,3260,2620,50," $100,000 "," $101,000 "," $100,500 "," $167,000 "," $392,000 "," $402,000 "," $379,000 "," $394,000 ",31,31.2,32.9,34.2,Ultimate happiness,customer138@example.com,Customer 138,4545 Joy Rd
139,Euphoria,4 August 2024,Cayman Islands," $18,800 "," $21,400 "," $8,950 "," $18,200 "," $9,550 "," $17,000 "," $10,000 ",308,12,8,5,6,5,228,86%,3280,2630,50," $100,500 "," $101,500 "," $101,000 "," $168,000 "," $394,000 "," $404,000 "," $380,000 "," $395,000 ",31.2,31.4,33.1,34.4,A state of joy,customer139@example.com,Customer 139,4646 Ecstasy Rd
140,Delight,1 August 2020,Antigua and Barbuda," $18,900 "," $21,500 "," $9,000 "," $18,300 "," $9,600 "," $17,100 "," $10,050 ",310,10,6,7,5,5,230,52%,3300,2640,50," $101,000 "," $102,000 "," $101,500 "," $169,000 "," $396,000 "," $406,000 "," $381,000 "," $396,000 ",31.4,31.6,33.3,34.6,Pure delight,customer140@example.com,Customer 140,4747 Happiness Rd
141,Tranquility,16 September 2021,Barbados," $19,000 "," $21,600 "," $9,050 "," $18,400 "," $9,650 "," $17,200 "," $10,100 ",312,11,7,6,5,6,232,36%,3320,2650,50," $101,500 "," $102,500 "," $102,000 "," $170,000 "," $398,000 "," $408,000 "," $382,000 "," $397,000 ",31.6,31.8,33.5,34.8,Peaceful essence,customer141@example.com,Customer 141,4848 Peace Rd
142,Serenity,16 December 2022,Dominica," $19,100 "," $21,700 "," $9,100 "," $18,500 "," $9,700 "," $17,300 "," $10,150 ",314,12,8,7,6,5,234,71%,3340,2660,50," $102,000 "," $103,000 "," $102,500 "," $171,000 "," $400,000 "," $410,000 "," $383,000 "," $398,000 ",31.8,32,33.7,35,Calm and soothing,customer142@example.com,Customer 142,4949 Calm Rd
143,Harmony,31 December 2020,Saint Kitts and Nevis," $19,200 "," $21,800 "," $9,150 "," $18,600 "," $9,750 "," $17,400 "," $10,200 ",316,10,6,6,5,6,236,62%,3360,2670,50," $102,500 "," $103,500 "," $103,000 "," $172,000 "," $402,000 "," $412,000 "," $384,000 "," $399,000 ",32,32.2,33.9,35.2,Balanced fragrance,customer143@example.com,Customer 143,5050 Balance Rd
144,Aroma Bliss,8 November 2023,Grenada," $19,300 "," $21,900 "," $9,200 "," $18,700 "," $9,800 "," $17,500 "," $10,250 ",318,11,5,5,6,5,238,54%,3380,2680,50," $103,000 "," $104,000 "," $103,500 "," $173,000 "," $404,000 "," $414,000 "," $385,000 "," $400,000 ",32.2,32.4,34.1,35.4,Blissful aroma,customer144@example.com,Customer 144,5151 Aroma Bliss Rd
145,Essence,28 October 2022,Saint Lucia," $19,400 "," $22,000 "," $9,250 "," $18,800 "," $9,850 "," $17,600 "," $10,300 ",320,10,7,5,5,6,240,43%,3400,2690,50," $103,500 "," $104,500 "," $104,000 "," $174,000 "," $406,000 "," $416,000 "," $386,000 "," $401,000 ",32.4,32.6,34.3,35.6,Pure essence,customer145@example.com,Customer 145,5252 Essence Rd
146,Rejuvenation,22 September 2022,Cayman Islands," $19,500 "," $22,100 "," $9,300 "," $18,900 "," $9,900 "," $17,700 "," $10,350 ",322,12,8,6,5,5,242,44%,3420,2700,50," $104,000 "," $105,000 "," $104,500 "," $175,000 "," $408,000 "," $418,000 "," $387,000 "," $402,000 ",32.6,32.8,34.5,35.8,Refreshing scent,customer146@example.com,Customer 146,5353 Refresh Rd
147,Radiance,5 August 2024,Antigua and Barbuda," $19,600 "," $22,200 "," $9,350 "," $19,000 "," $9,950 "," $17,800 "," $10,400 ",324,11,6,7,5,6,244,21%,3440,2710,50," $104,500 "," $105,500 "," $105,000 "," $176,000 "," $410,000 "," $420,000 "," $388,000 "," $403,000 ",32.8,33,34.7,36,Bright and uplifting,customer147@example.com,Customer 147,5454 Shine Rd
148,Inspiration,19 July 2022,Barbados," $19,700 "," $22,300 "," $9,400 "," $19,100 "," $10,000 "," $17,900 "," $10,450 ",326,10,5,6,5,5,246,4%,3460,2720,50," $105,000 "," $106,000 "," $105,500 "," $177,000 "," $412,000 "," $422,000 "," $389,000 "," $404,000 ",33,33.2,34.9,36.2,Inspired by nature,customer148@example.com,Customer 148,5555 Inspiration Rd
149,Excitement,5 January 2022,Dominica," $19,800 "," $22,400 "," $9,450 "," $19,200 "," $10,050 "," $18,000 "," $10,500 ",328,12,7,5,6,5,248,99%,3480,2730,50," $105,500 "," $106,500 "," $106,000 "," $178,000 "," $414,000 "," $424,000 "," $390,000 "," $405,000 ",33.2,33.4,35.1,36.4,Thrilling scent,customer149@example.com,Customer 149,5656 Excitement Rd
150,Desire,4 July 2022,Saint Kitts and Nevis," $19,900 "," $22,500 "," $9,500 "," $19,300 "," $10,100 "," $18,100 "," $10,550 ",330,11,5,6,5,6,250,97%,3500,2740,50," $106,000 "," $107,000 "," $106,500 "," $179,000 "," $416,000 "," $426,000 "," $391,000 "," $406,000 ",33.4,33.6,35.3,36.6,Scent of longing,customer150@example.com,Customer 150,5757 Desire Rd
151,Passion,16 April 2024,Grenada," $20,000 "," $22,600 "," $9,550 "," $19,400 "," $10,150 "," $18,200 "," $10,600 ",332,10,6,7,5,5,252,43%,3520,2750,50," $106,500 "," $107,500 "," $107,000 "," $180,000 "," $418,000 "," $428,000 "," $392,000 "," $407,000 ",33.6,33.8,35.5,36.8,Fiery essence,customer151@example.com,Customer 151,5858 Passion Rd
152,Fantasy,10 May 2023,Saint Lucia," $20,100 "," $22,700 "," $9,600 "," $19,500 "," $10,200 "," $18,300 "," $10,650 ",334,11,5,5,6,6,254,20%,3540,2760,50," $107,000 "," $108,000 "," $107,500 "," $181,000 "," $420,000 "," $430,000 "," $393,000 "," $408,000 ",33.8,34,35.7,37,Dreamlike fragrance,customer152@example.com,Customer 152,5959 Fantasy Rd
153,Delight,25 May 2023,Cayman Islands," $20,200 "," $22,800 "," $9,650 "," $19,600 "," $10,250 "," $18,400 "," $10,700 ",336,12,6,6,5,5,256,3%,3560,2770,50," $107,500 "," $108,500 "," $108,000 "," $182,000 "," $422,000 "," $432,000 "," $394,000 "," $409,000 ",34,34.2,35.9,37.2,Joyful scent,customer153@example.com,Customer 153,6060 Delight Rd
154,Sensation,28 October 2024,Antigua and Barbuda," $20,300 "," $22,900 "," $9,700 "," $19,700 "," $10,300 "," $18,500 "," $10,750 ",338,10,7,5,6,5,258,33%,3580,2780,50," $108,000 "," $109,000 "," $108,500 "," $183,000 "," $424,000 "," $434,000 "," $395,000 "," $410,000 ",34.2,34.4,36.1,37.4,Energizing fragrance,customer154@example.com,Customer 154,6161 Sensation Rd
155,Whimsy,19 May 2020,Barbados," $20,400 "," $23,000 "," $9,750 "," $19,800 "," $10,350 "," $18,600 "," $10,800 ",340,11,5,6,5,6,260,93%,3600,2790,50," $108,500 "," $109,500 "," $109,000 "," $184,000 "," $426,000 "," $436,000 "," $396,000 "," $411,000 ",34.4,34.6,36.3,37.6,Playful aroma,customer155@example.com,Customer 155,6262 Whimsy Rd
156,Euphoria,9 March 2023,Italy," $20,500 "," $23,100 "," $9,800 "," $19,900 "," $10,400 "," $18,700 "," $10,850 ",342,12,6,5,6,5,262,24%,3620,2800,50," $109,000 "," $110,000 "," $109,500 "," $185,000 "," $428,000 "," $438,000 "," $397,000 "," $412,000 ",34.6,34.8,36.5,37.8,Ecstatic scent,customer156@example.com,Customer 156,6363 Euphoria Rd
157,Tranquil Dream,9 December 2023,Denmark," $20,600 "," $23,200 "," $9,850 "," $20,000 "," $10,450 "," $18,800 "," $10,900 ",344,10,7,6,5,5,264,73%,3640,2810,50," $109,500 "," $110,500 "," $110,000 "," $186,000 "," $430,000 "," $440,000 "," $398,000 "," $413,000 ",34.8,35,36.7,38,Dreamy aroma,customer157@example.com,Customer 157,6464 Dream Rd
158,Mellow Glow,8 September 2023,Russia," $20,700 "," $23,300 "," $9,900 "," $20,100 "," $10,500 "," $18,900 "," $10,950 ",346,11,8,6,6,6,266,93%,3660,2820,50," $110,000 "," $111,000 "," $110,500 "," $187,000 "," $432,000 "," $442,000 "," $399,000 "," $414,000 ",35,35.2,36.9,38.2,Soft and smooth,customer158@example.com,Customer 158,6565 Mellow Rd
159,Exquisite,6 June 2020,Poland," $20,800 "," $23,400 "," $9,950 "," $20,200 "," $10,550 "," $19,000 "," $11,000 ",348,12,7,5,5,6,268,4%,3680,2830,50," $110,500 "," $111,500 "," $111,000 "," $188,000 "," $434,000 "," $444,000 "," $400,000 "," $415,000 ",35.2,35.4,37.1,38.4,Superb fragrance,customer159@example.com,Customer 159,6666 Exquisite Rd
160,Luxury,25 June 2024,Belgium," $20,900 "," $23,500 "," $10,000 "," $20,300 "," $10,600 "," $19,100 "," $11,050 ",350,10,6,7,5,5,270,84%,3700,2840,50," $111,000 "," $112,000 "," $111,500 "," $189,000 "," $436,000 "," $446,000 "," $401,000 "," $416,000 ",35.4,35.6,37.3,38.6,Opulent aroma,customer160@example.com,Customer 160,6767 Luxury Rd
161,Velvet Essence,10 May 2023,Lithuania," $21,000 "," $23,600 "," $10,050 "," $20,400 "," $10,650 "," $19,200 "," $11,100 ",352,11,8,5,6,5,272,61%,3720,2850,50," $111,500 "," $112,500 "," $112,000 "," $190,000 "," $438,000 "," $448,000 "," $402,000 "," $417,000 ",35.6,35.8,37.5,38.8,Smooth and elegant,customer161@example.com,Customer 161,6868 Velvet Rd
162,Pure Bliss,26 November 2023,Latvia," $21,100 "," $23,700 "," $10,100 "," $20,500 "," $10,700 "," $19,300 "," $11,150 ",354,12,6,6,5,6,274,49%,3740,2860,50," $112,000 "," $113,000 "," $112,500 "," $191,000 "," $440,000 "," $450,000 "," $403,000 "," $418,000 ",35.8,36,37.7,39,Truly blissful,customer162@example.com,Customer 162,6969 Bliss Rd
163,Charm,16 November 2022,Bulgaria," $21,200 "," $23,800 "," $10,150 "," $20,600 "," $10,750 "," $19,400 "," $11,200 ",356,10,5,5,6,6,276,33%,3760,2870,50," $112,500 "," $113,500 "," $113,000 "," $192,000 "," $442,000 "," $452,000 "," $404,000 "," $419,000 ",36,36.2,37.9,39.2,Charming fragrance,customer163@example.com,Customer 163,7070 Charm Rd
164,Ecstasy,31 December 2024,Hungary," $21,300 "," $23,900 "," $10,200 "," $20,700 "," $10,800 "," $19,500 "," $11,250 ",358,11,7,5,6,5,278,25%,3780,2880,50," $113,000 "," $114,000 "," $113,500 "," $193,000 "," $444,000 "," $450,000 "," $405,000 "," $420,000 ",36.2,36.4,38.1,39.4,Exquisite joy,customer164@example.com,Customer 164,7171 Ecstasy Rd
165,Blissful Moment,1 August 2023,Albania," $21,400 "," $24,000 "," $10,250 "," $20,800 "," $10,850 "," $19,600 "," $11,300 ",360,12,6,6,5,5,280,3%,3800,2890,50," $113,500 "," $114,500 "," $114,000 "," $194,000 "," $446,000 "," $456,000 "," $406,000 "," $421,000 ",36.4,36.6,38.3,39.6,Cherished scent,customer165@example.com,Customer 165,7272 Moment Rd
166,Essence of Nature,28 April 2021,Crime," $21,500 "," $24,100 "," $10,300 "," $20,900 "," $10,900 "," $19,700 "," $11,350 ",362,10,7,5,6,6,282,57%,3820,2900,50," $114,000 "," $115,000 "," $114,500 "," $195,000 "," $448,000 "," $458,000 "," $407,000 "," $422,000 ",36.6,36.8,38.5,39.8,Natural aroma,customer166@example.com,Customer 166,7373 Nature Rd
167,Summer Breeze,27 April 2024,Turkey," $21,600 "," $24,200 "," $10,350 "," $21,000 "," $10,950 "," $19,800 "," $11,400 ",364,11,5,6,5,5,284,22%,3840,2910,50," $114,500 "," $115,500 "," $115,000 "," $196,000 "," $450,000 "," $460,000 "," $408,000 "," $423,000 ",36.8,37,38.7,40,Refreshing scent,customer167@example.com,Customer 167,7474 Breeze Rd
168,Misty Mountain,29 July 2021,Netherlands," $21,700 "," $24,300 "," $10,400 "," $21,100 "," $11,000 "," $19,900 "," $11,450 ",366,12,7,5,6,6,286,74%,3860,2920,50," $115,000 "," $116,000 "," $115,500 "," $197,000 "," $452,000 "," $462,000 "," $409,000 "," $424,000 ",37,37.2,38.9,40.2,Cool fragrance,customer168@example.com,Customer 168,7575 Mountain Rd
169,Ocean Wave,15 February 2022,Montenegro," $21,800 "," $24,400 "," $10,450 "," $21,200 "," $11,050 "," $20,000 "," $11,500 ",368,10,6,6,5,5,288,29%,3880,2930,50," $115,500 "," $116,500 "," $116,000 "," $198,000 "," $454,000 "," $464,000 "," $410,000 "," $425,000 ",37.2,37.4,39.1,40.4,Salty breeze,customer169@example.com,Customer 169,7676 Ocean Rd
170,Citrus Delight,4 November 2024,Kosovo," $21,900 "," $24,500 "," $10,500 "," $21,300 "," $11,100 "," $20,100 "," $11,550 ",370,11,5,7,6,6,290,56%,3900,2940,50," $116,000 "," $117,000 "," $116,500 "," $199,000 "," $456,000 "," $466,000 "," $411,000 "," $426,000 ",37.4,37.6,39.3,40.6,Zesty aroma,customer170@example.com,Customer 170,7777 Delight Rd
171,Lavender Dream,26 January 2020,Jersey," $22,000 "," $24,600 "," $10,550 "," $21,400 "," $11,150 "," $20,200 "," $11,600 ",372,12,6,6,5,5,292,4%,3920,2950,50," $116,500 "," $117,500 "," $117,000 "," $200,000 "," $458,000 "," $468,000 "," $412,000 "," $427,000 ",37.6,37.8,39.5,40.8,Calming scent,customer171@example.com,Customer 171,7878 Lavender Rd
172,Rose Essence,13 January 2023,Belarus," $22,100 "," $24,700 "," $10,600 "," $21,500 "," $11,200 "," $20,300 "," $11,650 ",374,10,7,5,5,6,294,30%,3940,2960,50," $117,000 "," $118,000 "," $117,500 "," $201,000 "," $460,000 "," $470,000 "," $413,000 "," $428,000 ",37.8,38,39.7,41,Romantic fragrance,customer172@example.com,Customer 172,7979 Essence Rd
173,Sandalwood Touch,23 July 2023,Abkhazia," $22,200 "," $24,800 "," $10,650 "," $21,600 "," $11,250 "," $20,400 "," $11,700 ",376,11,5,6,6,6,296,73%,3960,2970,50," $117,500 "," $118,500 "," $118,000 "," $202,000 "," $462,000 "," $472,000 "," $414,000 "," $429,000 ",38,38.2,39.9,41.2,Earthy aroma,customer173@example.com,Customer 173,8080 Sandalwood Rd
174,Jasmine Bliss,20 February 2022,Austria," $22,300 "," $24,900 "," $10,700 "," $21,700 "," $11,300 "," $20,500 "," $11,750 ",378,12,6,5,5,5,298,29%,3980,2980,50," $118,000 "," $119,000 "," $118,500 "," $203,000 "," $464,000 "," $474,000 "," $415,000 "," $430,000 ",38.2,38.4,40.1,41.4,Sweet scent,customer174@example.com,Customer 174,8181 Bliss Rd
175,Ginger Spice,10 December 2023,Chzech of Republic," $22,400 "," $25,000 "," $10,750 "," $21,800 "," $11,350 "," $20,600 "," $11,800 ",380,10,7,5,6,6,300,31%,4000,2990,50," $118,500 "," $119,500 "," $119,000 "," $204,000 "," $466,000 "," $476,000 "," $416,000 "," $431,000 ",38.4,38.6,40.3,41.6,Spicy fragrance,customer175@example.com,Customer 175,8282 Spice Rd
176,Cherry Blossom,29 December 2024,Mongolia," $22,500 "," $25,100 "," $10,800 "," $21,900 "," $11,400 "," $20,700 "," $11,850 ",382,11,5,5,5,5,302,94%,4020,3000,50," $119,000 "," $120,000 "," $119,500 "," $205,000 "," $468,000 "," $478,000 "," $417,000 "," $432,000 ",38.6,38.8,40.5,41.8,Floral aroma,customer176@example.com,Customer 176,8383 Blossom Rd
177,Vanilla Essence,3 March 2023,North Korea," $22,600 "," $25,200 "," $10,850 "," $22,000 "," $11,450 "," $20,800 "," $11,900 ",384,12,6,6,5,6,304,74%,4040,3010,50," $119,500 "," $120,500 "," $120,000 "," $206,000 "," $470,000 "," $480,000 "," $418,000 "," $433,000 ",38.8,39,40.7,42,Sweet vanilla,customer177@example.com,Customer 177,8484 Vanilla Rd
178,Coconut Dream,15 January 2024,Japan," $22,700 "," $25,300 "," $10,900 "," $22,100 "," $11,500 "," $20,900 "," $11,950 ",386,11,7,5,5,6,306,96%,4060,3020,50," $120,000 "," $121,000 "," $120,500 "," $207,000 "," $472,000 "," $482,000 "," $419,000 "," $434,000 ",39,39.2,40.9,42.2,Tropical scent,customer178@example.com,Customer 178,8585 Coconut Rd
179,Mint Refresh,26 October 2023,Taiwan," $22,800 "," $25,400 "," $10,950 "," $22,200 "," $11,550 "," $21,000 "," $12,000 ",388,10,6,6,5,5,308,95%,4080,3030,50," $120,500 "," $121,500 "," $121,000 "," $208,000 "," $474,000 "," $484,000 "," $420,000 "," $435,000 ",39.2,39.4,41.1,42.4,Fresh mint,customer179@example.com,Customer 179,8686 Refresh Rd
180,Honey Delight,19 June 2022,Macau," $22,900 "," $25,500 "," $11,000 "," $22,300 "," $11,600 "," $21,100 "," $12,050 ",390,11,5,6,6,6,310,21%,4100,3040,50," $121,000 "," $122,000 "," $121,500 "," $209,000 "," $476,000 "," $486,000 "," $421,000 "," $436,000 ",39.4,39.6,41.3,42.6,Sweet honey,customer180@example.com,Customer 180,8787 Honey Rd
181,Almond Bliss,4 March 2024,Hongkong," $23,000 "," $25,600 "," $11,050 "," $22,400 "," $11,650 "," $21,200 "," $12,100 ",392,12,6,5,5,5,312,2%,4120,3050,50," $121,500 "," $122,500 "," $122,000 "," $210,000 "," $478,000 "," $488,000 "," $422,000 "," $437,000 ",39.6,39.8,41.5,42.8,Nutty aroma,customer181@example.com,Customer 181,8888 Almond Rd
182,Wildflower Essence,5 January 2024,China," $23,100 "," $25,700 "," $11,100 "," $22,500 "," $11,700 "," $21,300 "," $12,150 ",394,10,7,6,5,5,314,80%,4140,3060,50," $122,000 "," $123,000 "," $122,500 "," $211,000 "," $480,000 "," $490,000 "," $423,000 "," $438,000 ",39.8,40,41.7,43,Nature’s blend,customer182@example.com,Customer 182,8989 Wildflower Rd
183,Peach Paradise,23 September 2020,South Korea," $23,200 "," $25,800 "," $11,150 "," $22,600 "," $11,750 "," $21,400 "," $12,200 ",396,11,6,5,6,6,316,59%,4160,3070,50," $122,500 "," $123,500 "," $123,000 "," $212,000 "," $482,000 "," $492,000 "," $424,000 "," $439,000 ",40,40.2,41.9,43.2,Juicy scent,customer183@example.com,Customer 183,9090 Peach Rd
184,Lilac Dreams,8 June 2021,Malaysia," $23,300 "," $25,900 "," $11,200 "," $22,700 "," $11,800 "," $21,500 "," $12,250 ",398,12,5,6,5,5,318,43%,4180,3080,50," $123,000 "," $124,000 "," $123,500 "," $213,000 "," $484,000 "," $494,000 "," $425,000 "," $440,000 ",40.2,40.4,42.1,43.4,Floral delight,customer184@example.com,Customer 184,9191 Lilac Rd
185,Ocean Breeze,10 February 2023,Vietnam," $23,400 "," $26,000 "," $11,250 "," $22,800 "," $11,850 "," $21,600 "," $12,300 ",400,10,6,5,6,6,320,29%,4200,3090,50," $123,500 "," $124,500 "," $124,000 "," $214,000 "," $486,000 "," $496,000 "," $426,000 "," $441,000 ",40.4,40.6,42.3,43.6,Refreshing aroma,customer185@example.com,Customer 185,9292 Ocean Breeze Rd
186,Berry Burst,1 October 2024,Singapore," $23,500 "," $26,100 "," $11,300 "," $22,900 "," $11,900 "," $21,700 "," $12,350 ",402,11,5,6,5,5,322,32%,4220,3100,50," $124,000 "," $125,000 "," $124,500 "," $215,000 "," $488,000 "," $498,000 "," $427,000 "," $442,000 ",40.6,40.8,42.5,43.8,Fruity fragrance,customer186@example.com,Customer 186,9393 Berry Rd
187,Spicy Citrus,21 February 2021,Philippines," $23,600 "," $26,200 "," $11,350 "," $23,000 "," $11,950 "," $21,800 "," $12,400 ",404,12,6,5,6,6,324,70%,4240,3110,50," $124,500 "," $125,500 "," $125,000 "," $216,000 "," $490,000 "," $500,000 "," $428,000 "," $443,000 ",40.8,41,42.7,44,Zesty blend,customer187@example.com,Customer 187,9494 Spicy Rd
188,Tropical Fusion,30 August 2023,Indonesia," $23,700 "," $26,300 "," $11,400 "," $23,100 "," $12,000 "," $21,900 "," $12,450 ",406,10,7,5,5,5,326,16%,4260,3120,50," $125,000 "," $126,000 "," $125,500 "," $217,000 "," $492,000 "," $502,000 "," $429,000 "," $444,000 ",41,41.2,42.9,44.2,Island scent,customer188@example.com,Customer 188,9595 Fusion Rd
189,Eucalyptus Relax,7 September 2020,Thailand," $23,800 "," $26,400 "," $11,450 "," $23,200 "," $12,050 "," $22,000 "," $12,500 ",408,11,5,6,6,6,328,99%,4280,3130,50," $125,500 "," $126,500 "," $126,000 "," $218,000 "," $494,000 "," $504,000 "," $430,000 "," $445,000 ",41.2,41.4,43.1,44.4,Soothing aroma,customer189@example.com,Customer 189,9696 Eucalyptus Rd
190,Grapefruit Twist,20 September 2024,Uzbekistan," $23,900 "," $26,500 "," $11,500 "," $23,300 "," $12,100 "," $22,100 "," $12,550 ",410,12,6,6,5,5,330,3%,4300,3140,50," $126,000 "," $127,000 "," $126,500 "," $219,000 "," $496,000 "," $506,000 "," $431,000 "," $446,000 ",41.4,41.6,43.3,44.6,Citrusy burst,customer190@example.com,Customer 190,9797 Twist Rd
191,Lavender Calm,15 April 2024,Oman," $24,000 "," $26,600 "," $11,550 "," $23,400 "," $12,150 "," $22,200 "," $12,600 ",412,10,6,5,6,6,332,27%,4320,3150,50," $126,500 "," $127,500 "," $127,000 "," $220,000 "," $498,000 "," $508,000 "," $432,000 "," $447,000 ",41.6,41.8,43.5,44.8,Relaxing scent,customer191@example.com,Customer 191,9898 Lavender Rd
192,Vanilla Dream,9 June 2022,Yemen," $24,100 "," $26,700 "," $11,600 "," $23,500 "," $12,200 "," $22,300 "," $12,650 ",414,11,7,5,5,5,334,29%,4340,3160,50," $127,000 "," $128,000 "," $127,500 "," $221,000 "," $500,000 "," $510,000 "," $433,000 "," $448,000 ",41.8,42,43.7,45,Sweet and creamy,customer192@example.com,Customer 192,9999 Vanilla Rd
193,Chili Pepper Spice,2 December 2020,Greece," $24,200 "," $26,800 "," $11,650 "," $23,600 "," $12,250 "," $22,400 "," $12,700 ",416,12,6,6,5,5,336,46%,4360,3170,50," $127,500 "," $128,500 "," $128,000 "," $222,000 "," $502,000 "," $512,000 "," $434,000 "," $449,000 ",42,42.2,43.9,45.2,Spicy aroma,customer193@example.com,Customer 193,10000 Chili Rd
194,Peony Blossom,11 September 2021,Portugal," $24,300 "," $26,900 "," $11,700 "," $23,700 "," $12,300 "," $22,500 "," $12,750 ",418,10,5,5,6,6,338,58%,4380,3180,50," $128,000 "," $129,000 "," $128,500 "," $223,000 "," $504,000 "," $514,000 "," $435,000 "," $450,000 ",42.2,42.4,44.1,45.4,Delicate fragrance,customer194@example.com,Customer 194,10001 Peony Rd
195,Coconut Paradise,13 March 2024,Ukraine," $24,400 "," $27,000 "," $11,750 "," $23,800 "," $12,350 "," $22,600 "," $12,800 ",420,11,6,5,5,5,340,34%,4400,3190,50," $128,500 "," $129,500 "," $129,000 "," $224,000 "," $506,000 "," $516,000 "," $436,000 "," $451,000 ",42.4,42.6,44.3,45.6,Tropical delight,customer195@example.com,Customer 195,10002 Coconut Rd
196,Ginger Snap,1 October 2022,Switzerland," $24,500 "," $27,100 "," $11,800 "," $23,900 "," $12,400 "," $22,700 "," $12,850 ",422,12,5,6,6,6,342,76%,4420,3200,50," $129,000 "," $130,000 "," $129,500 "," $225,000 "," $508,000 "," $518,000 "," $437,000 "," $452,000 ",42.6,42.8,44.5,45.8,Warm and spicy,customer196@example.com,Customer 196,10003 Ginger Rd
197,Pineapple Zest,7 June 2021,Liechtestein," $24,600 "," $27,200 "," $11,850 "," $24,000 "," $12,450 "," $22,800 "," $12,900 ",424,10,6,6,5,5,344,15%,4440,3210,50," $129,500 "," $130,500 "," $130,000 "," $226,000 "," $510,000 "," $520,000 "," $438,000 "," $453,000 ",42.8,43,44.7,46,Tropical zing,customer197@example.com,Customer 197,10004 Pineapple Rd
198,Cherry Blossom,14 December 2022,Luxembourg," $24,700 "," $27,300 "," $11,900 "," $24,100 "," $12,500 "," $22,900 "," $12,950 ",426,11,5,6,5,6,346,6%,4460,3220,50," $130,000 "," $131,000 "," $130,500 "," $227,000 "," $512,000 "," $522,000 "," $439,000 "," $454,000 ",43,43.2,44.9,46.2,Sweet floral,customer198@example.com,Customer 198,10005 Cherry Rd
199,Cinnamon Swirl,4 March 2022,Andorra," $24,800 "," $27,400 "," $11,950 "," $24,200 "," $12,550 "," $23,000 "," $13,000 ",428,12,6,5,5,5,348,50%,4480,3230,50," $130,500 "," $131,500 "," $131,000 "," $228,000 "," $514,000 "," $524,000 "," $440,000 "," $455,000 ",43.2,43.4,45.1,46.4,Warm spice,customer199@example.com,Customer 199,10006 Cinnamon Rd
200,Raspberry Sorbet,21 August 2021,Sweden," $24,900 "," $27,500 "," $12,000 "," $24,300 "," $12,600 "," $23,100 "," $13,050 ",430,10,6,5,6,6,350,31%,4500,3240,50," $131,000 "," $132,000 "," $131,500 "," $229,000 "," $516,000 "," $526,000 "," $441,000 "," $456,000 ",43.4,43.6,45.3,46.6,Fruity delight,customer200@example.com,Customer 200,10007 Raspberry Rd
201,Cocoa Bliss,8 April 2021,Faroes Islands," $25,000 "," $27,600 "," $12,050 "," $24,400 "," $12,650 "," $23,200 "," $13,100 ",432,11,7,6,5,5,352,47%,4520,3250,50," $131,500 "," $132,500 "," $132,000 "," $230,000 "," $518,000 "," $528,000 "," $442,000 "," $457,000 ",43.6,43.8,45.5,46.8,Rich chocolate,customer201@example.com,Customer 201,10008 Cocoa Rd
202,Mango Tango,29 July 2021,Iceland," $25,100 "," $27,700 "," $12,100 "," $24,500 "," $12,700 "," $23,300 "," $13,150 ",434,12,6,7,6,6,354,6%,4540,3260,50," $132,000 "," $133,000 "," $132,500 "," $231,000 "," $520,000 "," $530,000 "," $443,000 "," $458,000 ",43.8,44,45.7,47,Tropical fruit,customer202@example.com,Customer 202,10009 Mango Rd
203,Hazelnut Harmony,30 August 2024,Greenland," $25,200 "," $27,800 "," $12,150 "," $24,600 "," $12,750 "," $23,400 "," $13,200 ",436,10,7,6,5,5,356,7%,4560,3270,50," $132,500 "," $133,500 "," $133,000 "," $232,000 "," $522,000 "," $532,000 "," $444,000 "," $459,000 ",44,44.2,45.9,47.2,Nutty and sweet,customer203@example.com,Customer 203,10010 Hazelnut Rd
204,Grapefruit Splash,19 November 2024,North Ireland," $25,300 "," $27,900 "," $12,200 "," $24,700 "," $12,800 "," $23,500 "," $13,250 ",438,11,5,5,6,6,358,11%,4580,3280,50," $133,000 "," $134,000 "," $133,500 "," $233,000 "," $524,000 "," $534,000 "," $445,000 "," $460,000 ",44.2,44.4,46.1,47.4,Citrusy and fresh,customer204@example.com,Customer 204,10011 Grapefruit Rd
205,Peach Nectar,26 August 2021,Estonia," $25,400 "," $28,000 "," $12,250 "," $24,800 "," $12,850 "," $23,600 "," $13,300 ",440,10,6,6,5,5,360,99%,4600,3290,50," $133,500 "," $134,500 "," $134,000 "," $234,000 "," $526,000 "," $536,000 "," $446,000 "," $461,000 ",44.4,44.6,46.3,47.6,Sweet and juicy,customer205@example.com,Customer 205,10012 Peach Rd
206,Freesia Whispers,11 February 2020,Ossestia," $25,500 "," $28,100 "," $12,300 "," $24,900 "," $12,900 "," $23,700 "," $13,350 ",442,12,5,7,6,6,362,53%,4620,3300,50," $134,000 "," $135,000 "," $134,500 "," $235,000 "," $528,000 "," $538,000 "," $447,000 "," $462,000 ",44.6,44.8,46.5,47.8,Floral and soft,customer206@example.com,Customer 206,10013 Freesia Rd
207,Orange Blossom,6 December 2022,Vatican," $25,600 "," $28,200 "," $12,350 "," $25,000 "," $12,950 "," $23,800 "," $13,400 ",444,11,6,6,5,5,364,34%,4640,3310,50," $134,500 "," $135,500 "," $135,000 "," $236,000 "," $530,000 "," $540,000 "," $448,000 "," $463,000 ",44.8,45,46.7,48,Citrusy and fragrant,customer207@example.com,Customer 207,10014 Orange Rd
208,Lemon Zing,30 May 2022,Scotland," $25,700 "," $28,300 "," $12,400 "," $25,100 "," $13,000 "," $23,900 "," $13,450 ",446,10,7,5,6,6,366,94%,4660,3320,50," $135,000 "," $136,000 "," $135,500 "," $237,000 "," $532,000 "," $542,000 "," $449,000 "," $464,000 ",45,45.2,46.9,48.2,Zesty and refreshing,customer208@example.com,Customer 208,10015 Lemon Rd
209,Minty Fresh,9 February 2021,Wales," $25,800 "," $28,400 "," $12,450 "," $25,200 "," $13,050 "," $24,000 "," $13,500 ",448,11,6,6,5,5,368,61%,4680,3330,50," $135,500 "," $136,500 "," $136,000 "," $238,000 "," $534,000 "," $544,000 "," $450,000 "," $465,000 ",45.2,45.4,47.1,48.4,Cool and invigorating,customer209@example.com,Customer 209,10016 Mint Rd
210,Eucalyptus Breeze,21 May 2024,England," $25,900 "," $28,500 "," $12,500 "," $25,300 "," $13,100 "," $24,100 "," $13,550 ",450,12,5,6,6,6,370,19%,4700,3340,50," $136,000 "," $137,000 "," $136,500 "," $239,000 "," $536,000 "," $546,000 "," $451,000 "," $466,000 ",45.4,45.6,47.3,48.6,Refreshing scent,customer210@example.com,Customer 210,10017 Eucalyptus Rd
211,Ocean Breeze,28 November 2023,Nigeria," $26,000 "," $28,600 "," $12,550 "," $25,400 "," $13,150 "," $24,200 "," $13,600 ",452,10,6,5,6,6,372,71%,4720,3350,50," $136,500 "," $137,500 "," $137,000 "," $240,000 "," $538,000 "," $548,000 "," $452,000 "," $467,000 ",45.6,45.8,47.5,48.8,Fresh and clean,customer211@example.com,Customer 211,10018 Ocean Rd
212,Lavender Fields,2 June 2024,Niger," $26,100 "," $28,700 "," $12,600 "," $25,500 "," $13,200 "," $24,300 "," $13,650 ",454,11,5,5,6,6,374,68%,4740,3360,50," $137,000 "," $138,000 "," $137,500 "," $241,000 "," $540,000 "," $550,000 "," $453,000 "," $468,000 ",45.8,46,47.7,49,Relaxing and soothing,customer212@example.com,Customer 212,10019 Lavender Rd
213,Vanilla Dream,3 April 2024,Somalia," $26,200 "," $28,800 "," $12,650 "," $25,600 "," $13,250 "," $24,400 "," $13,700 ",456,10,6,6,6,5,376,43%,4760,3370,50," $137,500 "," $138,500 "," $138,000 "," $242,000 "," $542,000 "," $552,000 "," $454,000 "," $469,000 ",46,46.2,47.9,49.2,Sweet and creamy,customer213@example.com,Customer 213,10020 Vanilla Rd
214,Berry Bliss,27 August 2020,Công of Republic," $26,300 "," $28,900 "," $12,700 "," $25,700 "," $13,300 "," $24,500 "," $13,750 ",458,12,5,5,6,6,378,20%,4780,3380,50," $138,000 "," $139,000 "," $138,500 "," $243,000 "," $544,000 "," $554,000 "," $455,000 "," $470,000 ",46.2,46.4,48.1,49.4,Fruity and delightful,customer214@example.com,Customer 214,10021 Berry Rd
215,Citrus Burst,21 May 2023,Mali," $26,400 "," $29,000 "," $12,750 "," $25,800 "," $13,350 "," $24,600 "," $13,800 ",460,11,6,5,5,5,380,19%,4800,3390,50," $138,500 "," $139,500 "," $139,000 "," $244,000 "," $546,000 "," $556,000 "," $456,000 "," $471,000 ",46.4,46.6,48.3,49.6,Zesty and tangy,customer215@example.com,Customer 215,10022 Citrus Rd
216,Honey Nectar,6 August 2023,South Sudan," $26,500 "," $29,100 "," $12,800 "," $25,900 "," $13,400 "," $24,700 "," $13,850 ",462,10,6,6,5,5,382,65%,4820,3400,50," $139,000 "," $140,000 "," $139,500 "," $245,000 "," $548,000 "," $558,000 "," $457,000 "," $472,000 ",46.6,46.8,48.5,49.8,Sweet and rich,customer216@example.com,Customer 216,10023 Honey Rd
217,Green Apple,9 December 2022,Chad," $26,600 "," $29,200 "," $12,850 "," $26,000 "," $13,450 "," $24,800 "," $13,900 ",464,12,5,6,5,6,384,87%,4840,3410,50," $139,500 "," $140,500 "," $140,000 "," $246,000 "," $550,000 "," $560,000 "," $458,000 "," $473,000 ",46.8,47,48.7,50,Crisp and refreshing,customer217@example.com,Customer 217,10024 Apple Rd
218,Cherry Blossom,14 November 2020,Kenya," $26,700 "," $29,300 "," $12,900 "," $26,100 "," $13,500 "," $24,900 "," $13,950 ",466,11,6,5,6,5,386,92%,4860,3420,50," $140,000 "," $141,000 "," $140,500 "," $247,000 "," $552,000 "," $562,000 "," $459,000 "," $474,000 ",47,47.2,48.9,50.2,Floral and fruity,customer218@example.com,Customer 218,10025 Cherry Rd
219,Pineapple Paradise,10 August 2020,Lesotho," $26,800 "," $29,400 "," $12,950 "," $26,200 "," $13,550 "," $25,000 "," $14,000 ",468,10,7,5,5,5,388,59%,4880,3430,50," $140,500 "," $141,500 "," $141,000 "," $248,000 "," $554,000 "," $564,000 "," $460,000 "," $475,000 ",47.2,47.4,49.1,50.4,Tropical and sweet,customer219@example.com,Customer 219,10026 Pineapple Rd
220,Coconut Grove,22 July 2023,Tunisia," $26,900 "," $29,500 "," $13,000 "," $26,300 "," $13,600 "," $25,100 "," $14,050 ",470,12,6,6,5,5,390,68%,4900,3440,50," $141,000 "," $142,000 "," $141,500 "," $249,000 "," $556,000 "," $566,000 "," $461,000 "," $476,000 ",47.4,47.6,49.3,50.6,Creamy and rich,customer220@example.com,Customer 220,10027 Coconut Rd
221,Papaya Delight,12 May 2023,Saint Eustatius," $27,000 "," $29,600 "," $13,050 "," $26,400 "," $13,650 "," $25,200 "," $14,100 ",472,11,5,6,5,5,392,51%,4920,3450,50," $141,500 "," $142,500 "," $142,000 "," $250,000 "," $558,000 "," $568,000 "," $462,000 "," $477,000 ",47.6,47.8,49.5,50.8,Sweet and tropical,customer221@example.com,Customer 221,10028 Papaya Rd
222,Passion Fruit,16 August 2020,Estawini," $27,100 "," $29,700 "," $13,100 "," $26,500 "," $13,700 "," $25,300 "," $14,150 ",474,12,6,5,6,6,394,75%,4940,3460,50," $142,000 "," $143,000 "," $142,500 "," $251,000 "," $560,000 "," $570,000 "," $463,000 "," $478,000 ",47.8,48,49.7,51,Tangy and exotic,customer222@example.com,Customer 222,10029 Passion Rd
223,Tropical Punch,21 August 2023,Boswana," $27,200 "," $29,800 "," $13,150 "," $26,600 "," $13,750 "," $25,400 "," $14,200 ",476,10,6,6,5,5,396,87%,4960,3470,50," $142,500 "," $143,500 "," $143,000 "," $252,000 "," $562,000 "," $572,000 "," $464,000 "," $479,000 ",48,48.2,49.9,51.2,Fruity and refreshing,customer223@example.com,Customer 223,10030 Punch Rd
224,Tropical Sunrise,10 October 2022,Senegal," $27,300 "," $29,900 "," $13,200 "," $26,700 "," $13,800 "," $25,500 "," $14,250 ",478,11,5,6,5,6,398,82%,4980,3480,50," $143,000 "," $144,000 "," $143,500 "," $253,000 "," $564,000 "," $574,000 "," $465,000 "," $480,000 ",48.2,48.4,50.1,51.4,Bright and zesty,customer224@example.com,Customer 224,10031 Sunrise Rd
225,Minty Fresh,14 February 2024,Morrocco," $27,400 "," $30,000 "," $13,250 "," $26,800 "," $13,850 "," $25,600 "," $14,300 ",480,10,6,6,5,5,400,22%,5000,3490,50," $143,500 "," $144,500 "," $144,000 "," $254,000 "," $566,000 "," $576,000 "," $466,000 "," $481,000 ",48.4,48.6,50.3,51.6,Cool and refreshing,customer225@example.com,Customer 225,10032 Mint Rd
226,Ginger Spice,28 July 2024,Ghana," $27,500 "," $30,100 "," $13,300 "," $26,900 "," $13,900 "," $25,700 "," $14,350 ",482,12,5,5,6,5,402,70%,5020,3500,50," $144,000 "," $145,000 "," $144,500 "," $255,000 "," $568,000 "," $578,000 "," $467,000 "," $482,000 ",48.6,48.8,50.5,51.8,Spicy and invigorating,customer226@example.com,Customer 226,10033 Ginger Rd
227,Cinnamon Twist,30 July 2022,Zimbabwe," $27,600 "," $30,200 "," $13,350 "," $27,000 "," $13,950 "," $25,800 "," $14,400 ",484,11,6,5,5,6,404,46%,5040,3510,50," $144,500 "," $145,500 "," $145,000 "," $256,000 "," $570,000 "," $580,000 "," $468,000 "," $483,000 ",48.8,49,50.7,52,Warm and cozy,customer227@example.com,Customer 227,10034 Cinnamon Rd
228,Peach Melba,31 June 2023,Zambia," $27,700 "," $30,300 "," $13,400 "," $27,100 "," $14,000 "," $25,900 "," $14,450 ",486,12,5,6,5,5,406,43%,5060,3520,50," $145,000 "," $146,000 "," $145,500 "," $257,000 "," $572,000 "," $582,000 "," $469,000 "," $484,000 ",49,49.2,50.9,52.2,Sweet and soft,customer228@example.com,Customer 228,10035 Melba Rd
229,Lemon Zest,8 February 2021,Uganda," $27,800 "," $30,400 "," $13,450 "," $27,200 "," $14,050 "," $26,000 "," $14,500 ",488,10,6,6,5,6,408,2%,5080,3530,50," $145,500 "," $146,500 "," $146,000 "," $258,000 "," $574,000 "," $584,000 "," $470,000 "," $485,000 ",49.2,49.4,51.1,52.4,Tart and tangy,customer229@example.com,Customer 229,10036 Lemon Rd
230,Mango Tango,2 December 2024,West Sahara," $27,900 "," $30,500 "," $13,500 "," $27,300 "," $14,100 "," $26,100 "," $14,550 ",490,11,5,6,5,5,410,66%,5100,3540,50," $146,000 "," $147,000 "," $146,500 "," $259,000 "," $576,000 "," $586,000 "," $471,000 "," $486,000 ",49.4,49.6,51.3,52.6,Tropical and juicy,customer230@example.com,Customer 230,10037 Tango Rd
231,Raspberry Rush,2 September 2022,Tazania," $28,000 "," $30,600 "," $13,550 "," $27,400 "," $14,150 "," $26,200 "," $14,600 ",492,10,6,5,6,5,412,45%,5120,3550,50," $146,500 "," $147,500 "," $147,000 "," $260,000 "," $578,000 "," $588,000 "," $472,000 "," $487,000 ",49.6,49.8,51.5,52.8,Bold and vibrant,customer231@example.com,Customer 231,10038 Rush Rd
232,Strawberry Fields,10 January 2023,South Africa," $28,100 "," $30,700 "," $13,600 "," $27,500 "," $14,200 "," $26,300 "," $14,650 ",494,12,5,6,5,6,414,70%,5140,3560,50," $147,000 "," $148,000 "," $147,500 "," $261,000 "," $580,000 "," $590,000 "," $473,000 "," $488,000 ",49.8,50,51.7,53,Fresh and fruity,customer232@example.com,Customer 232,10039 Fields Rd
233,Hazelnut Cream,7 April 2021,Egypt," $28,200 "," $30,800 "," $13,650 "," $27,600 "," $14,250 "," $26,400 "," $14,700 ",496,11,6,5,5,5,416,19%,5160,3570,50," $147,500 "," $148,500 "," $148,000 "," $262,000 "," $582,000 "," $592,000 "," $474,000 "," $489,000 ",50,50.2,51.9,53.2,Rich and nutty,customer233@example.com,Customer 233,10040 Cream Rd
234,Vanilla Dream,27 December 2020,Angola," $28,300 "," $30,900 "," $13,700 "," $27,700 "," $14,300 "," $26,500 "," $14,750 ",498,12,5,6,5,5,418,86%,5180,3580,50," $148,000 "," $149,000 "," $148,500 "," $263,000 "," $584,000 "," $594,000 "," $475,000 "," $490,000 ",50.2,50.4,52.1,53.4,Sweet and creamy,customer234@example.com,Customer 234,10041 Dream Rd
235,Coconut Bliss,1 January 2022,Algerie," $28,400 "," $31,000 "," $13,750 "," $27,800 "," $14,350 "," $26,600 "," $14,800 ",500,11,6,5,5,6,420,38%,5200,3590,50," $148,500 "," $149,500 "," $149,000 "," $264,000 "," $586,000 "," $596,000 "," $476,000 "," $491,000 ",50.4,50.6,52.3,53.6,Tropical delight,customer235@example.com,Customer 235,10042 Bliss Rd
236,Cherry Blossom,29 October 2020,Erolysia," $28,500 "," $31,100 "," $13,800 "," $27,900 "," $14,400 "," $26,700 "," $14,850 ",502,12,5,6,6,5,422,63%,5220,3600,50," $149,000 "," $150,000 "," $149,500 "," $265,000 "," $588,000 "," $598,000 "," $477,000 "," $492,000 ",50.6,50.8,52.5,53.8,Delicate and floral,customer236@example.com,Customer 236,10043 Blossom Rd
237,Lavender Mist,8 March 2024,Australia," $28,600 "," $31,200 "," $13,850 "," $28,000 "," $14,450 "," $26,800 "," $14,900 ",504,11,6,5,6,6,424,79%,5240,3610,50," $149,500 "," $150,500 "," $150,000 "," $266,000 "," $590,000 "," $600,000 "," $478,000 "," $493,000 ",50.8,51,52.7,54,Calming and soothing,customer237@example.com,Customer 237,10044 Mist Rd
238,Fruity Fiesta,23 May 2024,Pitcairns," $28,700 "," $31,300 "," $13,900 "," $28,100 "," $14,500 "," $26,900 "," $14,950 ",506,10,5,6,5,5,426,78%,5260,3620,50," $150,000 "," $151,000 "," $150,500 "," $267,000 "," $592,000 "," $602,000 "," $479,000 "," $494,000 ",51,51.2,52.9,54.2,Vibrant and cheerful,customer238@example.com,Customer 238,10045 Fiesta Rd
239,Crisp Apple,18 April 2022,Jassicar," $28,800 "," $31,400 "," $13,950 "," $28,200 "," $14,550 "," $27,000 "," $15,000 ",508,11,6,5,5,6,428,43%,5280,3630,50," $150,500 "," $151,500 "," $151,000 "," $268,000 "," $594,000 "," $604,000 "," $480,000 "," $495,000 ",51.2,51.4,53.1,54.4,Fresh and crunchy,customer239@example.com,Customer 239,10046 Apple Rd
240,Honey Dew,21 October 2023,Inersy," $28,900 "," $31,500 "," $14,000 "," $28,300 "," $14,600 "," $27,100 "," $15,050 ",510,12,5,6,5,5,430,48%,5300,3640,50," $151,000 "," $152,000 "," $151,500 "," $269,000 "," $596,000 "," $606,000 "," $481,000 "," $496,000 ",51.4,51.6,53.3,54.6,Sweet and mellow,customer240@example.com,Customer 240,10047 Dew Rd
241,Kiwi Burst,17 March 2022,Olivary," $29,000 "," $31,600 "," $14,050 "," $28,400 "," $14,650 "," $27,200 "," $15,100 ",512,10,5,6,6,5,432,69%,5320,3650,50," $151,500 "," $152,500 "," $152,000 "," $270,000 "," $598,000 "," $608,000 "," $482,000 "," $497,000 ",51.6,51.8,53.5,54.8,Tangy and refreshing,customer241@example.com,Customer 241,10048 Burst Rd
242,Melon Medley,16 December 2021,Urelia," $29,100 "," $31,700 "," $14,100 "," $28,500 "," $14,700 "," $27,300 "," $15,150 ",514,11,6,5,6,6,434,95%,5340,3660,50," $152,000 "," $153,000 "," $152,500 "," $271,000 "," $600,000 "," $610,000 "," $483,000 "," $498,000 ",51.8,52,53.7,55,Juicy and delicious,customer242@example.com,Customer 242,10049 Medley Rd
243,Peachy Keen,7 November 2022,Zuela," $29,200 "," $31,800 "," $14,150 "," $28,600 "," $14,750 "," $27,400 "," $15,200 ",516,12,5,6,5,5,436,46%,5360,3670,50," $152,500 "," $153,500 "," $153,000 "," $272,000 "," $602,000 "," $612,000 "," $484,000 "," $499,000 ",52,52.2,53.9,55.2,Sweet and summery,customer243@example.com,Customer 243,10050 Keen Rd
244,Berry Bliss,3 March 2022,Hakary," $29,300 "," $31,900 "," $14,200 "," $28,700 "," $14,800 "," $27,500 "," $15,250 ",518,11,6,5,5,6,438,23%,5380,3680,50," $153,000 "," $154,000 "," $153,500 "," $273,000 "," $604,000 "," $614,000 "," $485,000 "," $500,000 ",52.2,52.4,54.1,55.4,Tasty and vibrant,customer244@example.com,Customer 244,10051 Bliss Rd
245,Nutty Almond,21 July 2021,Wallis and Futuna," $29,400 "," $32,000 "," $14,250 "," $28,800 "," $14,850 "," $27,600 "," $15,300 ",520,10,5,6,5,5,440,86%,5400,3690,50," $153,500 "," $154,500 "," $154,000 "," $274,000 "," $606,000 "," $616,000 "," $486,000 "," $501,000 ",52.4,52.6,54.3,55.6,Rich and creamy,customer245@example.com,Customer 245,10052 Almond Rd
246,Cocoa Delight,18 May 2021,Dolysia," $29,500 "," $32,100 "," $14,300 "," $28,900 "," $14,900 "," $27,700 "," $15,350 ",522,11,6,5,6,6,442,80%,5420,3700,50," $154,000 "," $155,000 "," $154,500 "," $275,000 "," $608,000 "," $618,000 "," $487,000 "," $502,000 ",52.6,52.8,54.5,55.8,Decadent and smooth,customer246@example.com,Customer 246,10053 Cocoa Rd
247,Orange Zest,14 March 2023,Guam," $29,600 "," $32,200 "," $14,350 "," $29,000 "," $14,950 "," $27,800 "," $15,400 ",524,12,5,6,5,5,444,14%,5440,3710,50," $154,500 "," $155,500 "," $155,000 "," $276,000 "," $610,000 "," $620,000 "," $488,000 "," $503,000 ",52.8,53,54.7,56,Citrusy and bright,customer247@example.com,Customer 247,10054 Zest Rd
248,Pineapple Paradise,23 September 2023,North Mariana," $29,700 "," $32,300 "," $14,400 "," $29,100 "," $15,000 "," $27,900 "," $15,450 ",526,11,5,6,6,5,446,24%,5460,3720,50," $155,000 "," $156,000 "," $155,500 "," $277,000 "," $612,000 "," $622,000 "," $489,000 "," $504,000 ",53,53.2,54.9,56.2,Tropical and refreshing,customer248@example.com,Customer 248,10055 Paradise Rd
249,Lavender Bliss,2 June 2023,Kiribati," $29,800 "," $32,400 "," $14,450 "," $29,200 "," $15,050 "," $28,000 "," $15,500 ",525,10,5,6,6,5,445,64%,5470,3730,50," $155,500 "," $156,500 "," $156,000 "," $278,000 "," $613,000 "," $623,000 "," $490,000 "," $505,000 ",53.2,53.4,55,56.5,Soothing and calming,customer249@example.com,Customer 249,10056 Bliss Rd
250,Berry Fusion,19 April 2022,Solomon Islands," $29,900 "," $32,500 "," $14,500 "," $29,300 "," $15,100 "," $28,100 "," $15,550 ",527,12,5,6,5,6,447,78%,5480,3740,50," $156,000 "," $157,000 "," $156,500 "," $279,000 "," $614,000 "," $624,000 "," $491,000 "," $506,000 ",53.4,53.6,55.2,56.7,Fruity and vibrant,customer250@example.com,Customer 250,10057 Fusion Rd
251,Vanilla Dream,19 September 2022,Tuvalu," $30,000 "," $32,600 "," $14,550 "," $29,400 "," $15,150 "," $28,200 "," $15,600 ",528,11,6,5,6,5,448,85%,5490,3750,50," $156,500 "," $157,500 "," $157,000 "," $280,000 "," $615,000 "," $625,000 "," $492,000 "," $507,000 ",53.6,53.8,55.4,56.9,Sweet and creamy,customer251@example.com,Customer 251,10058 Dream Rd
252,Mint Refresh,12 November 2020,Tongo," $30,100 "," $32,700 "," $14,600 "," $29,500 "," $15,200 "," $28,300 "," $15,650 ",530,10,5,6,5,6,449,88%,5500,3760,50," $157,000 "," $158,000 "," $157,500 "," $281,000 "," $616,000 "," $626,000 "," $493,000 "," $508,000 ",53.8,54,55.6,57.1,Cool and invigorating,customer252@example.com,Customer 252,10059 Refresh Rd
253,Peach Nectar,27 June 2023,Baker," $30,200 "," $32,800 "," $14,650 "," $29,600 "," $15,250 "," $28,400 "," $15,700 ",532,9,5,6,6,5,450,88%,5510,3770,50," $157,500 "," $158,500 "," $158,000 "," $282,000 "," $617,000 "," $627,000 "," $494,000 "," $509,000 ",54,54.2,55.8,57.3,Sweet and juicy,customer253@example.com,Customer 253,10060 Nectar Rd
254,Honey Blossom,16 March 2020,Cook Islands," $30,300 "," $32,900 "," $14,700 "," $29,700 "," $15,300 "," $28,500 "," $15,750 ",534,8,5,6,5,6,451,6%,5520,3780,50," $158,000 "," $159,000 "," $158,500 "," $283,000 "," $618,000 "," $628,000 "," $495,000 "," $510,000 ",54.2,54.4,56,57.5,Floral and sweet,customer254@example.com,Customer 254,10061 Blossom Rd
255,Spicy Cinnamon,17 August 2020,New Zealand," $30,400 "," $33,000 "," $14,750 "," $29,800 "," $15,350 "," $28,600 "," $15,800 ",535,10,5,6,6,5,452,39%,5530,3790,50," $158,500 "," $159,500 "," $159,000 "," $284,000 "," $619,000 "," $629,000 "," $496,000 "," $511,000 ",54.4,54.6,56.2,57.7,Warm and spicy,customer255@example.com,Customer 255,10062 Cinnamon Rd
256,Berry Bliss,19 December 2022,New Caledonia," $30,500 "," $33,100 "," $14,800 "," $29,900 "," $15,400 "," $28,700 "," $15,850 ",536,11,5,6,5,6,453,66%,5540,3800,50," $159,000 "," $160,000 "," $159,500 "," $285,000 "," $620,000 "," $630,000 "," $497,000 "," $512,000 ",54.6,54.8,56.4,57.9,Fruity and sweet,customer256@example.com,Customer 256,10063 Bliss Rd
257,Citrus Burst,30 December 2020,Micronesia," $30,600 "," $33,200 "," $14,850 "," $30,000 "," $15,450 "," $28,800 "," $15,900 ",538,12,6,5,6,5,454,11%,5550,3810,50," $159,500 "," $160,500 "," $160,000 "," $286,000 "," $621,000 "," $631,000 "," $498,000 "," $513,000 ",54.8,55,56.6,58.1,Zesty and fresh,customer257@example.com,Customer 257,10064 Burst Rd
258,Tropical Escape,10 May 2024,Polynesia," $30,700 "," $33,300 "," $14,900 "," $30,100 "," $15,500 "," $28,900 "," $15,950 ",539,10,5,6,5,6,455,16%,5560,3820,50," $160,000 "," $161,000 "," $160,500 "," $287,000 "," $622,000 "," $632,000 "," $499,000 "," $514,000 ",55,55.2,56.8,58.3,Paradise in a bottle,customer258@example.com,Customer 258,10065 Escape Rd
259,Creamy Almond,28 October 2023,Palau," $30,800 "," $33,400 "," $14,950 "," $30,200 "," $15,550 "," $29,000 "," $16,000 ",541,11,6,5,6,5,456,4%,5570,3830,50," $160,500 "," $161,500 "," $161,000 "," $288,000 "," $623,000 "," $633,000 "," $500,000 "," $515,000 ",55.2,55.4,57,58.5,Rich and nutty,customer259@example.com,Customer 259,10066 Almond Rd
260,Lime Zest,16 January 2022,Nauru," $30,900 "," $33,500 "," $15,000 "," $30,300 "," $15,600 "," $29,100 "," $16,050 ",543,10,6,5,5,5,457,23%,5580,3840,50," $161,000 "," $162,000 "," $161,500 "," $289,000 "," $624,000 "," $634,000 "," $501,000 "," $516,000 ",55.4,55.6,57.2,58.7,Zesty and vibrant,customer260@example.com,Customer 260,10067 Zest Rd
261,Berry Medley,17 November 2020,Niue," $31,100 "," $33,700 "," $15,100 "," $30,500 "," $15,700 "," $29,300 "," $16,150 ",547,9,6,5,6,5,459,86%,5600,3860,50," $162,000 "," $163,000 "," $162,500 "," $291,000 "," $625,000 "," $635,000 "," $502,000 "," $517,000 ",55.6,55.8,57.4,59,Mixed berry flavor,customer261@example.com,Customer 261,10068 Medley Rd
262,Creamy Coconut,6 January 2021,Vanuatu," $31,200 "," $33,800 "," $15,150 "," $30,600 "," $15,750 "," $29,400 "," $16,200 ",549,10,5,6,5,6,460,23%,5610,3870,50," $162,500 "," $163,500 "," $163,000 "," $292,000 "," $626,000 "," $636,000 "," $503,000 "," $518,000 ",55.8,56,57.6,59.2,Tropical coconut flavor,customer262@example.com,Customer 262,10069 Coconut Rd
263,Mango Tango,12 June 2023,American Samoa," $31,300 "," $33,900 "," $15,200 "," $30,700 "," $15,800 "," $29,500 "," $16,250 ",550,11,6,5,6,5,461,2%,5620,3880,50," $163,000 "," $164,000 "," $163,500 "," $293,000 "," $627,000 "," $637,000 "," $504,000 "," $519,000 ",56,56.2,57.8,59.4,Tropical and sweet,customer263@example.com,Customer 263,10070 Tango Rd
264,Ginger Spice,25 February 2024,Samoa," $31,400 "," $34,000 "," $15,250 "," $30,800 "," $15,850 "," $29,600 "," $16,300 ",552,10,5,6,6,5,462,17%,5630,3890,50," $163,500 "," $164,500 "," $164,000 "," $294,000 "," $628,000 "," $638,000 "," $505,000 "," $520,000 ",56.2,56.4,58,59.6,Spicy and aromatic,customer264@example.com,Customer 264,10071 Spice Rd
265,Choco Mint,18 January 2024,Papua Newguinea," $31,500 "," $34,100 "," $15,300 "," $30,900 "," $15,900 "," $29,700 "," $16,350 ",554,9,5,6,5,6,463,2%,5640,3900,50," $164,000 "," $165,000 "," $164,500 "," $295,000 "," $629,000 "," $639,000 "," $506,000 "," $521,000 ",56.4,56.6,58.2,59.8,Refreshing mint with chocolate,customer265@example.com,Customer 265,10072 Choco Rd
266,Exotic Passion,9 July 2023,Fiji," $31,600 "," $34,200 "," $15,350 "," $31,000 "," $15,950 "," $29,800 "," $16,400 ",556,11,6,5,6,5,464,58%,5650,3910,50," $164,500 "," $165,500 "," $165,000 "," $296,000 "," $630,000 "," $640,000 "," $507,000 "," $522,000 ",56.6,56.8,58.4,60,Passion fruit flavor,customer266@example.com,Customer 266,10073 Passion Rd
